"mode","startUTC","endUTC","hours"
"ACTIVE_HUMIDIFICATION_LIKELY","2026-01-14T01:00:00.000Z","2026-01-14T02:00:00.000Z","1"
"ACTIVE_HUMIDIFICATION_LIKELY","2026-02-09T22:00:00.000Z","2026-02-09T23:00:00.000Z","1"
"ACTIVE_HUMIDIFICATION_LIKELY","2026-02-10T01:00:00.000Z","2026-02-10T02:00:00.000Z","1"
"ACTIVE_HUMIDIFICATION_LIKELY","2026-02-19T01:00:00.000Z","2026-02-19T03:00:00.000Z","2"
"ACTIVE_HUMIDIFICATION_LIKELY","2026-02-25T01:00:00.000Z","2026-02-25T02:00:00.000Z","1"
"ACTIVE_HUMIDIFICATION_LIKELY","2026-02-27T01:00:00.000Z","2026-02-27T02:00:00.000Z","1"
"ACTIVE_HUMIDIFICATION_LIKELY","2026-02-27T20:00:00.000Z","2026-02-28T00:00:00.000Z","4"
"ACTIVE_HUMIDIFICATION_LIKELY","2026-02-28T03:00:00.000Z","2026-02-28T05:00:00.000Z","2"
"ACTIVE_HUMIDIFICATION_LIKELY","2026-03-01T03:00:00.000Z","2026-03-01T04:00:00.000Z","1"
"ACTIVE_HUMIDIFICATION_LIKELY","2026-03-09T01:00:00.000Z","2026-03-09T03:00:00.000Z","2"
"ACTIVE_HUMIDIFICATION_LIKELY","2026-03-14T00:00:00.000Z","2026-03-14T03:00:00.000Z","3"
"ACTIVE_HUMIDIFICATION_LIKELY","2026-03-19T01:00:00.000Z","2026-03-19T03:00:00.000Z","2"
"ACTIVE_HUMIDIFICATION_LIKELY","2026-03-19T04:00:00.000Z","2026-03-19T05:00:00.000Z","1"
"ACTIVE_HUMIDIFICATION_LIKELY","2026-03-19T19:00:00.000Z","2026-03-19T21:00:00.000Z","2"
"ACTIVE_HUMIDIFICATION_LIKELY","2026-03-22T16:00:00.000Z","2026-03-22T18:00:00.000Z","2"
"ACTIVE_HUMIDIFICATION_LIKELY","2026-03-22T22:00:00.000Z","2026-03-22T23:00:00.000Z","1"
"ACTIVE_HUMIDIFICATION_LIKELY","2026-03-23T01:00:00.000Z","2026-03-23T02:00:00.000Z","1"
"ACTIVE_HUMIDIFICATION_LIKELY","2026-03-25T00:00:00.000Z","2026-03-25T02:00:00.000Z","2"
"ACTIVE_HUMIDIFICATION_LIKELY","2026-03-29T20:00:00.000Z","2026-03-30T00:00:00.000Z","4"
"ACTIVE_HUMIDIFICATION_LIKELY","2026-04-06T00:00:00.000Z","2026-04-06T01:00:00.000Z","1"
"ACTIVE_HUMIDIFICATION_LIKELY","2026-04-07T00:00:00.000Z","2026-04-07T02:00:00.000Z","2"
"ACTIVE_HUMIDIFICATION_LIKELY","2026-04-08T01:00:00.000Z","2026-04-08T03:00:00.000Z","2"
"ACTIVE_HUMIDIFICATION_LIKELY","2026-04-09T02:00:00.000Z","2026-04-09T06:00:00.000Z","4"
"ACTIVE_HUMIDIFICATION_LIKELY","2026-04-20T01:00:00.000Z","2026-04-20T03:00:00.000Z","2"
"ACTIVE_HUMIDIFICATION_LIKELY","2026-04-21T01:00:00.000Z","2026-04-21T03:00:00.000Z","2"
"ACTIVE_HUMIDIFICATION_LIKELY","2026-05-01T00:00:00.000Z","2026-05-01T02:00:00.000Z","2"
"ACTIVE_HUMIDIFICATION_LIKELY","2026-05-02T00:00:00.000Z","2026-05-02T01:00:00.000Z","1"
"ACTIVE_HUMIDIFICATION_LIKELY","2026-05-03T00:00:00.000Z","2026-05-03T03:00:00.000Z","3"
"ACTIVE_HUMIDIFICATION_LIKELY","2026-05-03T19:00:00.000Z","2026-05-03T22:00:00.000Z","3"
"ACTIVE_HUMIDIFICATION_LIKELY","2026-05-07T00:00:00.000Z","2026-05-07T01:00:00.000Z","1"
"ACTIVE_HUMIDIFICATION_LIKELY","2026-05-08T01:00:00.000Z","2026-05-08T03:00:00.000Z","2"
"ACTIVE_HUMIDIFICATION_LIKELY","2026-05-09T18:00:00.000Z","2026-05-10T00:00:00.000Z","6"
"ACTIVE_HUMIDIFICATION_LIKELY","2026-05-11T21:00:00.000Z","2026-05-11T22:00:00.000Z","1"
"ACTIVE_HUMIDIFICATION_LIKELY","2026-05-12T19:00:00.000Z","2026-05-13T00:00:00.000Z","5"
"ACTIVE_HUMIDIFICATION_LIKELY","2026-05-13T17:00:00.000Z","2026-05-14T00:00:00.000Z","7"
"ACTIVE_HUMIDIFICATION_LIKELY","2026-06-15T18:00:00.000Z","2026-06-15T20:00:00.000Z","2"
"HEAT_MAJOR_VENT_DRY","2026-01-01T06:00:00.000Z","2026-01-05T20:00:00.000Z","110"
"HEAT_MAJOR_VENT_DRY","2026-01-05T22:00:00.000Z","2026-01-06T19:00:00.000Z","21"
"HEAT_MAJOR_VENT_DRY","2026-01-06T23:00:00.000Z","2026-01-07T20:00:00.000Z","21"
"HEAT_MAJOR_VENT_DRY","2026-01-07T23:00:00.000Z","2026-01-08T08:00:00.000Z","9"
"HEAT_MAJOR_VENT_DRY","2026-01-08T09:00:00.000Z","2026-01-08T10:00:00.000Z","1"
"HEAT_MAJOR_VENT_DRY","2026-01-08T17:00:00.000Z","2026-01-08T19:00:00.000Z","2"
"HEAT_MAJOR_VENT_DRY","2026-01-09T02:00:00.000Z","2026-01-12T07:00:00.000Z","77"
"HEAT_MAJOR_VENT_DRY","2026-01-12T09:00:00.000Z","2026-01-13T03:00:00.000Z","18"
"HEAT_MAJOR_VENT_DRY","2026-01-13T05:00:00.000Z","2026-01-13T19:00:00.000Z","14"
"HEAT_MAJOR_VENT_DRY","2026-01-14T00:00:00.000Z","2026-01-14T01:00:00.000Z","1"
"HEAT_MAJOR_VENT_DRY","2026-01-14T02:00:00.000Z","2026-02-05T18:00:00.000Z","544"
"HEAT_MAJOR_VENT_DRY","2026-02-05T19:00:00.000Z","2026-02-05T21:00:00.000Z","2"
"HEAT_MAJOR_VENT_DRY","2026-02-05T22:00:00.000Z","2026-02-06T19:00:00.000Z","21"
"HEAT_MAJOR_VENT_DRY","2026-02-06T23:00:00.000Z","2026-02-08T22:00:00.000Z","47"
"HEAT_MAJOR_VENT_DRY","2026-02-09T00:00:00.000Z","2026-02-09T19:00:00.000Z","19"
"HEAT_MAJOR_VENT_DRY","2026-02-10T06:00:00.000Z","2026-02-10T12:00:00.000Z","6"
"HEAT_MAJOR_VENT_DRY","2026-02-10T13:00:00.000Z","2026-02-10T16:00:00.000Z","3"
"HEAT_MAJOR_VENT_DRY","2026-02-10T20:00:00.000Z","2026-02-12T06:00:00.000Z","34"
"HEAT_MAJOR_VENT_DRY","2026-02-12T07:00:00.000Z","2026-02-13T08:00:00.000Z","25"
"HEAT_MAJOR_VENT_DRY","2026-02-13T12:00:00.000Z","2026-02-13T19:00:00.000Z","7"
"HEAT_MAJOR_VENT_DRY","2026-02-14T00:00:00.000Z","2026-02-14T01:00:00.000Z","1"
"HEAT_MAJOR_VENT_DRY","2026-02-14T04:00:00.000Z","2026-02-14T17:00:00.000Z","13"
"HEAT_MAJOR_VENT_DRY","2026-02-14T18:00:00.000Z","2026-02-14T21:00:00.000Z","3"
"HEAT_MAJOR_VENT_DRY","2026-02-15T00:00:00.000Z","2026-02-15T01:00:00.000Z","1"
"HEAT_MAJOR_VENT_DRY","2026-02-15T03:00:00.000Z","2026-02-15T04:00:00.000Z","1"
"HEAT_MAJOR_VENT_DRY","2026-02-15T05:00:00.000Z","2026-02-15T09:00:00.000Z","4"
"HEAT_MAJOR_VENT_DRY","2026-02-15T10:00:00.000Z","2026-02-15T13:00:00.000Z","3"
"HEAT_MAJOR_VENT_DRY","2026-02-15T14:00:00.000Z","2026-02-16T19:00:00.000Z","29"
"HEAT_MAJOR_VENT_DRY","2026-02-17T03:00:00.000Z","2026-02-17T20:00:00.000Z","17"
"HEAT_MAJOR_VENT_DRY","2026-02-18T08:00:00.000Z","2026-02-18T19:00:00.000Z","11"
"HEAT_MAJOR_VENT_DRY","2026-02-19T03:00:00.000Z","2026-02-19T18:00:00.000Z","15"
"HEAT_MAJOR_VENT_DRY","2026-02-19T21:00:00.000Z","2026-02-20T10:00:00.000Z","13"
"HEAT_MAJOR_VENT_DRY","2026-02-20T11:00:00.000Z","2026-02-20T13:00:00.000Z","2"
"HEAT_MAJOR_VENT_DRY","2026-02-20T14:00:00.000Z","2026-02-24T20:00:00.000Z","102"
"HEAT_MAJOR_VENT_DRY","2026-02-25T00:00:00.000Z","2026-02-25T01:00:00.000Z","1"
"HEAT_MAJOR_VENT_DRY","2026-02-25T02:00:00.000Z","2026-02-25T20:00:00.000Z","18"
"HEAT_MAJOR_VENT_DRY","2026-02-26T03:00:00.000Z","2026-02-26T18:00:00.000Z","15"
"HEAT_MAJOR_VENT_DRY","2026-02-27T03:00:00.000Z","2026-02-27T17:00:00.000Z","14"
"HEAT_MAJOR_VENT_DRY","2026-02-28T02:00:00.000Z","2026-02-28T03:00:00.000Z","1"
"HEAT_MAJOR_VENT_DRY","2026-02-28T05:00:00.000Z","2026-02-28T16:00:00.000Z","11"
"HEAT_MAJOR_VENT_DRY","2026-03-01T04:00:00.000Z","2026-03-03T15:00:00.000Z","59"
"HEAT_MAJOR_VENT_DRY","2026-03-04T03:00:00.000Z","2026-03-05T19:00:00.000Z","40"
"HEAT_MAJOR_VENT_DRY","2026-03-07T09:00:00.000Z","2026-03-08T21:00:00.000Z","36"
"HEAT_MAJOR_VENT_DRY","2026-03-09T04:00:00.000Z","2026-03-09T15:00:00.000Z","11"
"HEAT_MAJOR_VENT_DRY","2026-03-11T13:00:00.000Z","2026-03-13T19:00:00.000Z","54"
"HEAT_MAJOR_VENT_DRY","2026-03-14T03:00:00.000Z","2026-03-14T18:00:00.000Z","15"
"HEAT_MAJOR_VENT_DRY","2026-03-15T12:00:00.000Z","2026-03-15T13:00:00.000Z","1"
"HEAT_MAJOR_VENT_DRY","2026-03-15T17:00:00.000Z","2026-03-18T00:00:00.000Z","55"
"HEAT_MAJOR_VENT_DRY","2026-03-18T01:00:00.000Z","2026-03-18T19:00:00.000Z","18"
"HEAT_MAJOR_VENT_DRY","2026-03-19T05:00:00.000Z","2026-03-19T16:00:00.000Z","11"
"HEAT_MAJOR_VENT_DRY","2026-03-20T05:00:00.000Z","2026-03-20T07:00:00.000Z","2"
"HEAT_MAJOR_VENT_DRY","2026-03-20T08:00:00.000Z","2026-03-20T15:00:00.000Z","7"
"HEAT_MAJOR_VENT_DRY","2026-03-21T12:00:00.000Z","2026-03-21T15:00:00.000Z","3"
"HEAT_MAJOR_VENT_DRY","2026-03-23T03:00:00.000Z","2026-03-24T00:00:00.000Z","21"
"HEAT_MAJOR_VENT_DRY","2026-03-24T01:00:00.000Z","2026-03-24T20:00:00.000Z","19"
"HEAT_MAJOR_VENT_DRY","2026-03-25T03:00:00.000Z","2026-03-25T16:00:00.000Z","13"
"HEAT_MAJOR_VENT_DRY","2026-03-27T11:00:00.000Z","2026-03-29T17:00:00.000Z","54"
"HEAT_MAJOR_VENT_DRY","2026-03-30T12:00:00.000Z","2026-03-30T13:00:00.000Z","1"
"HEAT_MAJOR_VENT_DRY","2026-04-04T05:00:00.000Z","2026-04-05T20:00:00.000Z","39"
"HEAT_MAJOR_VENT_DRY","2026-04-06T01:00:00.000Z","2026-04-06T19:00:00.000Z","18"
"HEAT_MAJOR_VENT_DRY","2026-04-07T03:00:00.000Z","2026-04-07T17:00:00.000Z","14"
"HEAT_MAJOR_VENT_DRY","2026-04-08T03:00:00.000Z","2026-04-08T16:00:00.000Z","13"
"HEAT_MAJOR_VENT_DRY","2026-04-09T06:00:00.000Z","2026-04-09T07:00:00.000Z","1"
"HEAT_MAJOR_VENT_DRY","2026-04-09T08:00:00.000Z","2026-04-09T15:00:00.000Z","7"
"HEAT_MAJOR_VENT_DRY","2026-04-10T11:00:00.000Z","2026-04-10T15:00:00.000Z","4"
"HEAT_MAJOR_VENT_DRY","2026-04-18T06:00:00.000Z","2026-04-19T18:00:00.000Z","36"
"HEAT_MAJOR_VENT_DRY","2026-04-20T04:00:00.000Z","2026-04-20T16:00:00.000Z","12"
"HEAT_MAJOR_VENT_DRY","2026-04-21T04:00:00.000Z","2026-04-21T16:00:00.000Z","12"
"HEAT_MAJOR_VENT_DRY","2026-04-21T18:00:00.000Z","2026-04-22T00:00:00.000Z","6"
"HEAT_MAJOR_VENT_DRY","2026-04-22T03:00:00.000Z","2026-04-22T06:00:00.000Z","3"
"HEAT_MAJOR_VENT_DRY","2026-04-22T09:00:00.000Z","2026-04-22T10:00:00.000Z","1"
"HEAT_MAJOR_VENT_DRY","2026-04-22T12:00:00.000Z","2026-04-22T17:00:00.000Z","5"
"HEAT_MAJOR_VENT_DRY","2026-04-28T08:00:00.000Z","2026-04-30T00:00:00.000Z","40"
"HEAT_MAJOR_VENT_DRY","2026-04-30T01:00:00.000Z","2026-04-30T21:00:00.000Z","20"
"HEAT_MAJOR_VENT_DRY","2026-05-01T02:00:00.000Z","2026-05-01T20:00:00.000Z","18"
"HEAT_MAJOR_VENT_DRY","2026-05-01T23:00:00.000Z","2026-05-02T00:00:00.000Z","1"
"HEAT_MAJOR_VENT_DRY","2026-05-02T02:00:00.000Z","2026-05-02T18:00:00.000Z","16"
"HEAT_MAJOR_VENT_DRY","2026-05-03T03:00:00.000Z","2026-05-03T16:00:00.000Z","13"
"HEAT_MAJOR_VENT_DRY","2026-05-04T12:00:00.000Z","2026-05-04T14:00:00.000Z","2"
"HEAT_MAJOR_VENT_DRY","2026-05-05T15:00:00.000Z","2026-05-07T00:00:00.000Z","33"
"HEAT_MAJOR_VENT_DRY","2026-05-07T01:00:00.000Z","2026-05-07T19:00:00.000Z","18"
"HEAT_MAJOR_VENT_DRY","2026-05-08T03:00:00.000Z","2026-05-08T04:00:00.000Z","1"
"HEAT_MAJOR_VENT_DRY","2026-05-08T05:00:00.000Z","2026-05-08T15:00:00.000Z","10"
"HEAT_MAJOR_VENT_DRY","2026-05-09T10:00:00.000Z","2026-05-09T14:00:00.000Z","4"
"HEAT_MAJOR_VENT_DRY","2026-05-10T12:00:00.000Z","2026-05-10T14:00:00.000Z","2"
"HEAT_MAJOR_VENT_DRY","2026-05-10T15:00:00.000Z","2026-05-11T00:00:00.000Z","9"
"HEAT_MAJOR_VENT_DRY","2026-05-11T03:00:00.000Z","2026-05-11T17:00:00.000Z","14"
"HEAT_MAJOR_VENT_DRY","2026-05-12T06:00:00.000Z","2026-05-12T14:00:00.000Z","8"
"HEAT_MAJOR_VENT_DRY","2026-05-14T11:00:00.000Z","2026-05-14T14:00:00.000Z","3"
"HEAT_MAJOR_VENT_DRY","2026-05-19T14:00:00.000Z","2026-05-20T00:00:00.000Z","10"
"HEAT_MAJOR_VENT_DRY","2026-05-20T02:00:00.000Z","2026-05-20T04:00:00.000Z","2"
"HEAT_MAJOR_VENT_DRY","2026-05-20T11:00:00.000Z","2026-05-21T00:00:00.000Z","13"
"HEAT_MAJOR_VENT_DRY","2026-05-21T12:00:00.000Z","2026-05-21T13:00:00.000Z","1"
"HEAT_MIN_VENT","2026-01-08T10:00:00.000Z","2026-01-08T12:00:00.000Z","2"
"HEAT_MIN_VENT","2026-01-08T13:00:00.000Z","2026-01-08T14:00:00.000Z","1"
"HEAT_MIN_VENT","2026-02-14T17:00:00.000Z","2026-02-14T18:00:00.000Z","1"
"HEAT_MIN_VENT","2026-02-14T21:00:00.000Z","2026-02-15T00:00:00.000Z","3"
"HEAT_MIN_VENT","2026-02-15T01:00:00.000Z","2026-02-15T03:00:00.000Z","2"
"HEAT_MIN_VENT","2026-02-15T04:00:00.000Z","2026-02-15T05:00:00.000Z","1"
"HEAT_MIN_VENT","2026-03-03T15:00:00.000Z","2026-03-03T17:00:00.000Z","2"
"HEAT_MIN_VENT","2026-03-05T19:00:00.000Z","2026-03-05T20:00:00.000Z","1"
"HEAT_MIN_VENT","2026-03-06T13:00:00.000Z","2026-03-06T14:00:00.000Z","1"
"HEAT_MIN_VENT","2026-03-07T08:00:00.000Z","2026-03-07T09:00:00.000Z","1"
"HEAT_MIN_VENT","2026-03-09T15:00:00.000Z","2026-03-09T16:00:00.000Z","1"
"HEAT_MIN_VENT","2026-03-11T12:00:00.000Z","2026-03-11T13:00:00.000Z","1"
"HEAT_MIN_VENT","2026-03-15T13:00:00.000Z","2026-03-15T15:00:00.000Z","2"
"HEAT_MIN_VENT","2026-03-26T12:00:00.000Z","2026-03-26T13:00:00.000Z","1"
"HEAT_MIN_VENT","2026-04-10T22:00:00.000Z","2026-04-11T00:00:00.000Z","2"
"HEAT_MIN_VENT","2026-04-11T07:00:00.000Z","2026-04-11T14:00:00.000Z","7"
"HEAT_MIN_VENT","2026-04-18T04:00:00.000Z","2026-04-18T06:00:00.000Z","2"
"HEAT_MIN_VENT","2026-04-22T01:00:00.000Z","2026-04-22T03:00:00.000Z","2"
"HEAT_MIN_VENT","2026-04-22T06:00:00.000Z","2026-04-22T09:00:00.000Z","3"
"HEAT_MIN_VENT","2026-04-22T10:00:00.000Z","2026-04-22T12:00:00.000Z","2"
"HEAT_MIN_VENT","2026-04-22T17:00:00.000Z","2026-04-22T19:00:00.000Z","2"
"HEAT_MIN_VENT","2026-04-24T10:00:00.000Z","2026-04-24T14:00:00.000Z","4"
"HEAT_MIN_VENT","2026-04-25T05:00:00.000Z","2026-04-25T06:00:00.000Z","1"
"HEAT_MIN_VENT","2026-04-25T09:00:00.000Z","2026-04-25T10:00:00.000Z","1"
"HEAT_MIN_VENT","2026-04-25T12:00:00.000Z","2026-04-25T17:00:00.000Z","5"
"HEAT_MIN_VENT","2026-04-26T05:00:00.000Z","2026-04-26T10:00:00.000Z","5"
"HEAT_MIN_VENT","2026-04-26T12:00:00.000Z","2026-04-26T13:00:00.000Z","1"
"HEAT_MIN_VENT","2026-05-05T12:00:00.000Z","2026-05-05T14:00:00.000Z","2"
"HEAT_MIN_VENT","2026-05-09T06:00:00.000Z","2026-05-09T10:00:00.000Z","4"
"HEAT_MIN_VENT","2026-05-09T14:00:00.000Z","2026-05-09T15:00:00.000Z","1"
"HEAT_MIN_VENT","2026-05-10T14:00:00.000Z","2026-05-10T15:00:00.000Z","1"
"HEAT_MIN_VENT","2026-05-13T12:00:00.000Z","2026-05-13T14:00:00.000Z","2"
"HEAT_MIN_VENT","2026-05-19T13:00:00.000Z","2026-05-19T14:00:00.000Z","1"
"HEAT_MIN_VENT","2026-05-20T00:00:00.000Z","2026-05-20T02:00:00.000Z","2"
"HEAT_MIN_VENT","2026-05-20T04:00:00.000Z","2026-05-20T11:00:00.000Z","7"
"HEAT_MIN_VENT","2026-05-21T00:00:00.000Z","2026-05-21T12:00:00.000Z","12"
"HEAT_MIN_VENT","2026-05-21T13:00:00.000Z","2026-05-21T15:00:00.000Z","2"
"HEAT_MIN_VENT","2026-05-24T10:00:00.000Z","2026-05-24T14:00:00.000Z","4"
"HEAT_MIN_VENT","2026-05-25T12:00:00.000Z","2026-05-25T13:00:00.000Z","1"
"HEAT_MIN_VENT","2026-08-28T12:00:00.000Z","2026-08-28T13:00:00.000Z","1"
"HEAT_VENT_HUMID","2026-01-08T14:00:00.000Z","2026-01-08T17:00:00.000Z","3"
"HEAT_VENT_HUMID","2026-04-02T12:00:00.000Z","2026-04-02T15:00:00.000Z","3"
"HEAT_VENT_HUMID","2026-04-10T18:00:00.000Z","2026-04-10T22:00:00.000Z","4"
"HEAT_VENT_HUMID","2026-04-11T02:00:00.000Z","2026-04-11T07:00:00.000Z","5"
"HEAT_VENT_HUMID","2026-04-11T14:00:00.000Z","2026-04-11T15:00:00.000Z","1"
"HEAT_VENT_HUMID","2026-04-12T12:00:00.000Z","2026-04-12T17:00:00.000Z","5"
"HEAT_VENT_HUMID","2026-04-15T12:00:00.000Z","2026-04-15T13:00:00.000Z","1"
"HEAT_VENT_HUMID","2026-04-16T12:00:00.000Z","2026-04-16T15:00:00.000Z","3"
"HEAT_VENT_HUMID","2026-04-24T07:00:00.000Z","2026-04-24T10:00:00.000Z","3"
"HEAT_VENT_HUMID","2026-04-24T14:00:00.000Z","2026-04-24T16:00:00.000Z","2"
"HEAT_VENT_HUMID","2026-04-25T06:00:00.000Z","2026-04-25T09:00:00.000Z","3"
"HEAT_VENT_HUMID","2026-04-25T10:00:00.000Z","2026-04-25T12:00:00.000Z","2"
"HEAT_VENT_HUMID","2026-04-26T10:00:00.000Z","2026-04-26T12:00:00.000Z","2"
"HEAT_VENT_HUMID","2026-04-26T13:00:00.000Z","2026-04-26T15:00:00.000Z","2"
"HEAT_VENT_HUMID","2026-05-09T05:00:00.000Z","2026-05-09T06:00:00.000Z","1"
"HEAT_VENT_HUMID","2026-05-21T15:00:00.000Z","2026-05-22T00:00:00.000Z","9"
"HEAT_VENT_HUMID","2026-05-22T12:00:00.000Z","2026-05-22T15:00:00.000Z","3"
"HEAT_VENT_HUMID","2026-05-23T12:00:00.000Z","2026-05-23T18:00:00.000Z","6"
"HEAT_VENT_HUMID","2026-05-24T06:00:00.000Z","2026-05-24T07:00:00.000Z","1"
"HEAT_VENT_HUMID","2026-05-24T08:00:00.000Z","2026-05-24T10:00:00.000Z","2"
"HEAT_VENT_HUMID","2026-05-24T14:00:00.000Z","2026-05-24T15:00:00.000Z","1"
"HEAT_VENT_HUMID","2026-05-25T07:00:00.000Z","2026-05-25T12:00:00.000Z","5"
"HEAT_VENT_HUMID","2026-05-25T13:00:00.000Z","2026-05-25T14:00:00.000Z","1"
"HEAT_VENT_HUMID","2026-05-26T12:00:00.000Z","2026-05-26T13:00:00.000Z","1"
"HEAT_VENT_HUMID","2026-05-27T12:00:00.000Z","2026-05-27T13:00:00.000Z","1"
"HEAT_VENT_HUMID","2026-06-15T12:00:00.000Z","2026-06-15T13:00:00.000Z","1"
"HEAT_VENT_HUMID","2026-06-16T12:00:00.000Z","2026-06-16T13:00:00.000Z","1"
"HEAT_VENT_HUMID","2026-06-23T12:00:00.000Z","2026-06-23T13:00:00.000Z","1"
"MISSING_DATA","2026-01-12T07:00:00.000Z","2026-01-12T09:00:00.000Z","2"
"MISSING_DATA","2026-01-13T03:00:00.000Z","2026-01-13T05:00:00.000Z","2"
"MISSING_DATA","2026-02-05T18:00:00.000Z","2026-02-05T19:00:00.000Z","1"
"MISSING_DATA","2026-02-12T06:00:00.000Z","2026-02-12T07:00:00.000Z","1"
"MISSING_DATA","2026-02-13T08:00:00.000Z","2026-02-13T12:00:00.000Z","4"
"MISSING_DATA","2026-02-15T09:00:00.000Z","2026-02-15T10:00:00.000Z","1"
"MISSING_DATA","2026-02-15T13:00:00.000Z","2026-02-15T14:00:00.000Z","1"
"MISSING_DATA","2026-02-20T10:00:00.000Z","2026-02-20T11:00:00.000Z","1"
"MISSING_DATA","2026-02-20T13:00:00.000Z","2026-02-20T14:00:00.000Z","1"
"MISSING_DATA","2026-04-03T07:00:00.000Z","2026-04-03T09:00:00.000Z","2"
"MISSING_DATA","2026-04-03T10:00:00.000Z","2026-04-03T12:00:00.000Z","2"
"MISSING_DATA","2026-05-18T05:00:00.000Z","2026-05-18T07:00:00.000Z","2"
"MISSING_DATA","2026-07-13T16:00:00.000Z","2026-07-13T17:00:00.000Z","1"
"MISSING_DATA","2026-07-27T14:00:00.000Z","2026-07-27T15:00:00.000Z","1"
"MISSING_DATA","2026-09-10T00:00:00.000Z","2026-09-10T01:00:00.000Z","1"
"NEUTRAL_MIN_VENT","2026-01-09T01:00:00.000Z","2026-01-09T02:00:00.000Z","1"
"NEUTRAL_MIN_VENT","2026-02-10T02:00:00.000Z","2026-02-10T04:00:00.000Z","2"
"NEUTRAL_MIN_VENT","2026-03-01T02:00:00.000Z","2026-03-01T03:00:00.000Z","1"
"NEUTRAL_MIN_VENT","2026-03-06T01:00:00.000Z","2026-03-06T03:00:00.000Z","2"
"NEUTRAL_MIN_VENT","2026-03-07T01:00:00.000Z","2026-03-07T04:00:00.000Z","3"
"NEUTRAL_MIN_VENT","2026-03-07T05:00:00.000Z","2026-03-07T06:00:00.000Z","1"
"NEUTRAL_MIN_VENT","2026-03-09T19:00:00.000Z","2026-03-09T20:00:00.000Z","1"
"NEUTRAL_MIN_VENT","2026-03-10T19:00:00.000Z","2026-03-10T23:00:00.000Z","4"
"NEUTRAL_MIN_VENT","2026-03-20T18:00:00.000Z","2026-03-20T19:00:00.000Z","1"
"NEUTRAL_MIN_VENT","2026-03-27T07:00:00.000Z","2026-03-27T08:00:00.000Z","1"
"NEUTRAL_MIN_VENT","2026-04-01T23:00:00.000Z","2026-04-02T00:00:00.000Z","1"
"NEUTRAL_MIN_VENT","2026-04-02T06:00:00.000Z","2026-04-02T12:00:00.000Z","6"
"NEUTRAL_MIN_VENT","2026-04-02T23:00:00.000Z","2026-04-03T00:00:00.000Z","1"
"NEUTRAL_MIN_VENT","2026-04-04T04:00:00.000Z","2026-04-04T05:00:00.000Z","1"
"NEUTRAL_MIN_VENT","2026-04-09T22:00:00.000Z","2026-04-09T23:00:00.000Z","1"
"NEUTRAL_MIN_VENT","2026-04-11T00:00:00.000Z","2026-04-11T01:00:00.000Z","1"
"NEUTRAL_MIN_VENT","2026-04-11T22:00:00.000Z","2026-04-11T23:00:00.000Z","1"
"NEUTRAL_MIN_VENT","2026-04-12T08:00:00.000Z","2026-04-12T11:00:00.000Z","3"
"NEUTRAL_MIN_VENT","2026-04-12T21:00:00.000Z","2026-04-12T23:00:00.000Z","2"
"NEUTRAL_MIN_VENT","2026-04-13T17:00:00.000Z","2026-04-13T21:00:00.000Z","4"
"NEUTRAL_MIN_VENT","2026-04-13T22:00:00.000Z","2026-04-14T00:00:00.000Z","2"
"NEUTRAL_MIN_VENT","2026-04-14T16:00:00.000Z","2026-04-14T23:00:00.000Z","7"
"NEUTRAL_MIN_VENT","2026-04-15T04:00:00.000Z","2026-04-15T06:00:00.000Z","2"
"NEUTRAL_MIN_VENT","2026-04-15T07:00:00.000Z","2026-04-15T12:00:00.000Z","5"
"NEUTRAL_MIN_VENT","2026-04-15T22:00:00.000Z","2026-04-15T23:00:00.000Z","1"
"NEUTRAL_MIN_VENT","2026-04-16T10:00:00.000Z","2026-04-16T12:00:00.000Z","2"
"NEUTRAL_MIN_VENT","2026-04-16T21:00:00.000Z","2026-04-17T00:00:00.000Z","3"
"NEUTRAL_MIN_VENT","2026-04-17T17:00:00.000Z","2026-04-17T18:00:00.000Z","1"
"NEUTRAL_MIN_VENT","2026-04-18T03:00:00.000Z","2026-04-18T04:00:00.000Z","1"
"NEUTRAL_MIN_VENT","2026-04-23T02:00:00.000Z","2026-04-23T12:00:00.000Z","10"
"NEUTRAL_MIN_VENT","2026-04-25T02:00:00.000Z","2026-04-25T05:00:00.000Z","3"
"NEUTRAL_MIN_VENT","2026-04-26T03:00:00.000Z","2026-04-26T05:00:00.000Z","2"
"NEUTRAL_MIN_VENT","2026-04-26T19:00:00.000Z","2026-04-27T00:00:00.000Z","5"
"NEUTRAL_MIN_VENT","2026-04-27T15:00:00.000Z","2026-04-27T18:00:00.000Z","3"
"NEUTRAL_MIN_VENT","2026-05-03T18:00:00.000Z","2026-05-03T19:00:00.000Z","1"
"NEUTRAL_MIN_VENT","2026-05-05T11:00:00.000Z","2026-05-05T12:00:00.000Z","1"
"NEUTRAL_MIN_VENT","2026-05-08T20:00:00.000Z","2026-05-08T21:00:00.000Z","1"
"NEUTRAL_MIN_VENT","2026-05-09T00:00:00.000Z","2026-05-09T03:00:00.000Z","3"
"NEUTRAL_MIN_VENT","2026-05-14T09:00:00.000Z","2026-05-14T10:00:00.000Z","1"
"NEUTRAL_MIN_VENT","2026-05-14T18:00:00.000Z","2026-05-14T19:00:00.000Z","1"
"NEUTRAL_MIN_VENT","2026-05-15T18:00:00.000Z","2026-05-15T20:00:00.000Z","2"
"NEUTRAL_MIN_VENT","2026-05-15T23:00:00.000Z","2026-05-16T00:00:00.000Z","1"
"NEUTRAL_MIN_VENT","2026-05-16T15:00:00.000Z","2026-05-16T19:00:00.000Z","4"
"NEUTRAL_MIN_VENT","2026-05-17T16:00:00.000Z","2026-05-17T21:00:00.000Z","5"
"NEUTRAL_MIN_VENT","2026-05-18T12:00:00.000Z","2026-05-18T18:00:00.000Z","6"
"NEUTRAL_MIN_VENT","2026-05-22T00:00:00.000Z","2026-05-22T02:00:00.000Z","2"
"NEUTRAL_MIN_VENT","2026-05-22T03:00:00.000Z","2026-05-22T07:00:00.000Z","4"
"NEUTRAL_MIN_VENT","2026-05-22T09:00:00.000Z","2026-05-22T12:00:00.000Z","3"
"NEUTRAL_MIN_VENT","2026-05-22T22:00:00.000Z","2026-05-23T00:00:00.000Z","2"
"NEUTRAL_MIN_VENT","2026-05-23T03:00:00.000Z","2026-05-23T04:00:00.000Z","1"
"NEUTRAL_MIN_VENT","2026-05-23T05:00:00.000Z","2026-05-23T12:00:00.000Z","7"
"NEUTRAL_MIN_VENT","2026-05-24T02:00:00.000Z","2026-05-24T05:00:00.000Z","3"
"NEUTRAL_MIN_VENT","2026-05-24T18:00:00.000Z","2026-05-24T19:00:00.000Z","1"
"NEUTRAL_MIN_VENT","2026-05-24T21:00:00.000Z","2026-05-24T23:00:00.000Z","2"
"NEUTRAL_MIN_VENT","2026-05-25T03:00:00.000Z","2026-05-25T07:00:00.000Z","4"
"NEUTRAL_MIN_VENT","2026-05-25T16:00:00.000Z","2026-05-25T19:00:00.000Z","3"
"NEUTRAL_MIN_VENT","2026-05-26T07:00:00.000Z","2026-05-26T12:00:00.000Z","5"
"NEUTRAL_MIN_VENT","2026-05-26T16:00:00.000Z","2026-05-27T00:00:00.000Z","8"
"NEUTRAL_MIN_VENT","2026-05-27T05:00:00.000Z","2026-05-27T12:00:00.000Z","7"
"NEUTRAL_MIN_VENT","2026-05-27T16:00:00.000Z","2026-05-28T00:00:00.000Z","8"
"NEUTRAL_MIN_VENT","2026-05-28T19:00:00.000Z","2026-05-29T00:00:00.000Z","5"
"NEUTRAL_MIN_VENT","2026-05-29T09:00:00.000Z","2026-05-29T12:00:00.000Z","3"
"NEUTRAL_MIN_VENT","2026-05-29T17:00:00.000Z","2026-05-29T20:00:00.000Z","3"
"NEUTRAL_MIN_VENT","2026-05-30T14:00:00.000Z","2026-05-30T16:00:00.000Z","2"
"NEUTRAL_MIN_VENT","2026-05-31T13:00:00.000Z","2026-05-31T16:00:00.000Z","3"
"NEUTRAL_MIN_VENT","2026-06-01T14:00:00.000Z","2026-06-01T15:00:00.000Z","1"
"NEUTRAL_MIN_VENT","2026-06-02T11:00:00.000Z","2026-06-02T12:00:00.000Z","1"
"NEUTRAL_MIN_VENT","2026-06-02T20:00:00.000Z","2026-06-02T22:00:00.000Z","2"
"NEUTRAL_MIN_VENT","2026-06-03T18:00:00.000Z","2026-06-04T00:00:00.000Z","6"
"NEUTRAL_MIN_VENT","2026-06-04T15:00:00.000Z","2026-06-04T20:00:00.000Z","5"
"NEUTRAL_MIN_VENT","2026-06-05T15:00:00.000Z","2026-06-05T19:00:00.000Z","4"
"NEUTRAL_MIN_VENT","2026-06-05T21:00:00.000Z","2026-06-06T00:00:00.000Z","3"
"NEUTRAL_MIN_VENT","2026-06-07T19:00:00.000Z","2026-06-08T00:00:00.000Z","5"
"NEUTRAL_MIN_VENT","2026-06-08T12:00:00.000Z","2026-06-08T17:00:00.000Z","5"
"NEUTRAL_MIN_VENT","2026-06-09T13:00:00.000Z","2026-06-09T16:00:00.000Z","3"
"NEUTRAL_MIN_VENT","2026-06-10T12:00:00.000Z","2026-06-10T15:00:00.000Z","3"
"NEUTRAL_MIN_VENT","2026-06-11T12:00:00.000Z","2026-06-11T17:00:00.000Z","5"
"NEUTRAL_MIN_VENT","2026-06-12T17:00:00.000Z","2026-06-12T22:00:00.000Z","5"
"NEUTRAL_MIN_VENT","2026-06-13T16:00:00.000Z","2026-06-13T17:00:00.000Z","1"
"NEUTRAL_MIN_VENT","2026-06-14T07:00:00.000Z","2026-06-14T09:00:00.000Z","2"
"NEUTRAL_MIN_VENT","2026-06-14T20:00:00.000Z","2026-06-14T21:00:00.000Z","1"
"NEUTRAL_MIN_VENT","2026-06-15T04:00:00.000Z","2026-06-15T12:00:00.000Z","8"
"NEUTRAL_MIN_VENT","2026-06-15T20:00:00.000Z","2026-06-15T21:00:00.000Z","1"
"NEUTRAL_MIN_VENT","2026-06-16T07:00:00.000Z","2026-06-16T08:00:00.000Z","1"
"NEUTRAL_MIN_VENT","2026-06-16T11:00:00.000Z","2026-06-16T12:00:00.000Z","1"
"NEUTRAL_MIN_VENT","2026-06-16T16:00:00.000Z","2026-06-16T18:00:00.000Z","2"
"NEUTRAL_MIN_VENT","2026-06-17T14:00:00.000Z","2026-06-17T16:00:00.000Z","2"
"NEUTRAL_MIN_VENT","2026-06-18T13:00:00.000Z","2026-06-18T16:00:00.000Z","3"
"NEUTRAL_MIN_VENT","2026-06-19T00:00:00.000Z","2026-06-19T07:00:00.000Z","7"
"NEUTRAL_MIN_VENT","2026-06-19T19:00:00.000Z","2026-06-20T00:00:00.000Z","5"
"NEUTRAL_MIN_VENT","2026-06-20T15:00:00.000Z","2026-06-20T18:00:00.000Z","3"
"NEUTRAL_MIN_VENT","2026-06-21T17:00:00.000Z","2026-06-21T19:00:00.000Z","2"
"NEUTRAL_MIN_VENT","2026-06-22T10:00:00.000Z","2026-06-22T11:00:00.000Z","1"
"NEUTRAL_MIN_VENT","2026-06-23T04:00:00.000Z","2026-06-23T12:00:00.000Z","8"
"NEUTRAL_MIN_VENT","2026-06-24T05:00:00.000Z","2026-06-24T11:00:00.000Z","6"
"NEUTRAL_MIN_VENT","2026-06-24T21:00:00.000Z","2026-06-25T00:00:00.000Z","3"
"NEUTRAL_MIN_VENT","2026-06-25T18:00:00.000Z","2026-06-25T22:00:00.000Z","4"
"NEUTRAL_MIN_VENT","2026-06-26T14:00:00.000Z","2026-06-26T18:00:00.000Z","4"
"NEUTRAL_MIN_VENT","2026-06-27T15:00:00.000Z","2026-06-27T17:00:00.000Z","2"
"NEUTRAL_MIN_VENT","2026-06-28T12:00:00.000Z","2026-06-28T16:00:00.000Z","4"
"NEUTRAL_MIN_VENT","2026-06-29T12:00:00.000Z","2026-06-29T15:00:00.000Z","3"
"NEUTRAL_MIN_VENT","2026-06-30T12:00:00.000Z","2026-06-30T15:00:00.000Z","3"
"NEUTRAL_MIN_VENT","2026-07-01T13:00:00.000Z","2026-07-01T15:00:00.000Z","2"
"NEUTRAL_MIN_VENT","2026-07-02T12:00:00.000Z","2026-07-02T15:00:00.000Z","3"
"NEUTRAL_MIN_VENT","2026-07-03T12:00:00.000Z","2026-07-03T15:00:00.000Z","3"
"NEUTRAL_MIN_VENT","2026-07-04T12:00:00.000Z","2026-07-04T15:00:00.000Z","3"
"NEUTRAL_MIN_VENT","2026-07-05T09:00:00.000Z","2026-07-05T11:00:00.000Z","2"
"NEUTRAL_MIN_VENT","2026-07-05T16:00:00.000Z","2026-07-05T18:00:00.000Z","2"
"NEUTRAL_MIN_VENT","2026-07-06T13:00:00.000Z","2026-07-06T15:00:00.000Z","2"
"NEUTRAL_MIN_VENT","2026-07-07T14:00:00.000Z","2026-07-07T16:00:00.000Z","2"
"NEUTRAL_MIN_VENT","2026-07-08T14:00:00.000Z","2026-07-08T16:00:00.000Z","2"
"NEUTRAL_MIN_VENT","2026-07-09T12:00:00.000Z","2026-07-09T16:00:00.000Z","4"
"NEUTRAL_MIN_VENT","2026-07-10T12:00:00.000Z","2026-07-10T14:00:00.000Z","2"
"NEUTRAL_MIN_VENT","2026-07-11T12:00:00.000Z","2026-07-11T14:00:00.000Z","2"
"NEUTRAL_MIN_VENT","2026-07-12T15:00:00.000Z","2026-07-12T19:00:00.000Z","4"
"NEUTRAL_MIN_VENT","2026-07-13T14:00:00.000Z","2026-07-13T16:00:00.000Z","2"
"NEUTRAL_MIN_VENT","2026-07-14T14:00:00.000Z","2026-07-14T16:00:00.000Z","2"
"NEUTRAL_MIN_VENT","2026-07-15T15:00:00.000Z","2026-07-15T20:00:00.000Z","5"
"NEUTRAL_MIN_VENT","2026-07-16T15:00:00.000Z","2026-07-16T17:00:00.000Z","2"
"NEUTRAL_MIN_VENT","2026-07-17T14:00:00.000Z","2026-07-17T17:00:00.000Z","3"
"NEUTRAL_MIN_VENT","2026-07-17T19:00:00.000Z","2026-07-17T20:00:00.000Z","1"
"NEUTRAL_MIN_VENT","2026-07-18T12:00:00.000Z","2026-07-18T16:00:00.000Z","4"
"NEUTRAL_MIN_VENT","2026-07-18T22:00:00.000Z","2026-07-19T00:00:00.000Z","2"
"NEUTRAL_MIN_VENT","2026-07-19T13:00:00.000Z","2026-07-19T15:00:00.000Z","2"
"NEUTRAL_MIN_VENT","2026-07-20T12:00:00.000Z","2026-07-20T14:00:00.000Z","2"
"NEUTRAL_MIN_VENT","2026-07-21T12:00:00.000Z","2026-07-21T14:00:00.000Z","2"
"NEUTRAL_MIN_VENT","2026-07-22T14:00:00.000Z","2026-07-22T17:00:00.000Z","3"
"NEUTRAL_MIN_VENT","2026-07-23T15:00:00.000Z","2026-07-23T18:00:00.000Z","3"
"NEUTRAL_MIN_VENT","2026-07-24T14:00:00.000Z","2026-07-24T19:00:00.000Z","5"
"NEUTRAL_MIN_VENT","2026-07-25T12:00:00.000Z","2026-07-25T14:00:00.000Z","2"
"NEUTRAL_MIN_VENT","2026-07-26T12:00:00.000Z","2026-07-26T14:00:00.000Z","2"
"NEUTRAL_MIN_VENT","2026-07-27T12:00:00.000Z","2026-07-27T14:00:00.000Z","2"
"NEUTRAL_MIN_VENT","2026-07-28T12:00:00.000Z","2026-07-28T15:00:00.000Z","3"
"NEUTRAL_MIN_VENT","2026-07-30T12:00:00.000Z","2026-07-30T15:00:00.000Z","3"
"NEUTRAL_MIN_VENT","2026-07-31T12:00:00.000Z","2026-07-31T16:00:00.000Z","4"
"NEUTRAL_MIN_VENT","2026-08-02T09:00:00.000Z","2026-08-02T12:00:00.000Z","3"
"NEUTRAL_MIN_VENT","2026-08-02T15:00:00.000Z","2026-08-02T17:00:00.000Z","2"
"NEUTRAL_MIN_VENT","2026-08-03T14:00:00.000Z","2026-08-03T15:00:00.000Z","1"
"NEUTRAL_MIN_VENT","2026-08-04T14:00:00.000Z","2026-08-04T16:00:00.000Z","2"
"NEUTRAL_MIN_VENT","2026-08-05T12:00:00.000Z","2026-08-05T15:00:00.000Z","3"
"NEUTRAL_MIN_VENT","2026-08-06T12:00:00.000Z","2026-08-06T14:00:00.000Z","2"
"NEUTRAL_MIN_VENT","2026-08-07T14:00:00.000Z","2026-08-07T17:00:00.000Z","3"
"NEUTRAL_MIN_VENT","2026-08-08T14:00:00.000Z","2026-08-08T16:00:00.000Z","2"
"NEUTRAL_MIN_VENT","2026-08-09T14:00:00.000Z","2026-08-09T16:00:00.000Z","2"
"NEUTRAL_MIN_VENT","2026-08-10T12:00:00.000Z","2026-08-10T14:00:00.000Z","2"
"NEUTRAL_MIN_VENT","2026-08-11T12:00:00.000Z","2026-08-11T14:00:00.000Z","2"
"NEUTRAL_MIN_VENT","2026-08-12T12:00:00.000Z","2026-08-12T13:00:00.000Z","1"
"NEUTRAL_MIN_VENT","2026-08-13T12:00:00.000Z","2026-08-13T13:00:00.000Z","1"
"NEUTRAL_MIN_VENT","2026-08-14T12:00:00.000Z","2026-08-14T13:00:00.000Z","1"
"NEUTRAL_MIN_VENT","2026-08-15T12:00:00.000Z","2026-08-15T14:00:00.000Z","2"
"NEUTRAL_MIN_VENT","2026-08-17T13:00:00.000Z","2026-08-17T14:00:00.000Z","1"
"NEUTRAL_MIN_VENT","2026-08-17T18:00:00.000Z","2026-08-17T20:00:00.000Z","2"
"NEUTRAL_MIN_VENT","2026-08-18T14:00:00.000Z","2026-08-18T15:00:00.000Z","1"
"NEUTRAL_MIN_VENT","2026-08-20T13:00:00.000Z","2026-08-20T14:00:00.000Z","1"
"NEUTRAL_MIN_VENT","2026-08-21T15:00:00.000Z","2026-08-21T17:00:00.000Z","2"
"NEUTRAL_MIN_VENT","2026-08-22T13:00:00.000Z","2026-08-22T16:00:00.000Z","3"
"NEUTRAL_MIN_VENT","2026-08-23T15:00:00.000Z","2026-08-23T16:00:00.000Z","1"
"NEUTRAL_MIN_VENT","2026-08-24T15:00:00.000Z","2026-08-24T18:00:00.000Z","3"
"NEUTRAL_MIN_VENT","2026-08-24T19:00:00.000Z","2026-08-24T20:00:00.000Z","1"
"NEUTRAL_MIN_VENT","2026-08-24T23:00:00.000Z","2026-08-25T00:00:00.000Z","1"
"NEUTRAL_MIN_VENT","2026-08-25T15:00:00.000Z","2026-08-25T16:00:00.000Z","1"
"NEUTRAL_MIN_VENT","2026-08-26T13:00:00.000Z","2026-08-26T15:00:00.000Z","2"
"NEUTRAL_MIN_VENT","2026-08-27T15:00:00.000Z","2026-08-27T16:00:00.000Z","1"
"NEUTRAL_MIN_VENT","2026-08-28T15:00:00.000Z","2026-08-28T16:00:00.000Z","1"
"NEUTRAL_MIN_VENT","2026-08-29T14:00:00.000Z","2026-08-29T16:00:00.000Z","2"
"NEUTRAL_MIN_VENT","2026-08-31T13:00:00.000Z","2026-08-31T15:00:00.000Z","2"
"NEUTRAL_MIN_VENT","2026-09-01T12:00:00.000Z","2026-09-01T14:00:00.000Z","2"
"NEUTRAL_MIN_VENT","2026-09-02T12:00:00.000Z","2026-09-02T14:00:00.000Z","2"
"NEUTRAL_MIN_VENT","2026-09-03T12:00:00.000Z","2026-09-03T15:00:00.000Z","3"
"NEUTRAL_MIN_VENT","2026-09-04T12:00:00.000Z","2026-09-04T15:00:00.000Z","3"
"NEUTRAL_MIN_VENT","2026-09-05T12:00:00.000Z","2026-09-05T14:00:00.000Z","2"
"NEUTRAL_MIN_VENT","2026-09-06T12:00:00.000Z","2026-09-06T14:00:00.000Z","2"
"NEUTRAL_MIN_VENT","2026-09-07T14:00:00.000Z","2026-09-07T15:00:00.000Z","1"
"NEUTRAL_MIN_VENT","2026-09-08T12:00:00.000Z","2026-09-08T14:00:00.000Z","2"
"NEUTRAL_MIN_VENT","2026-09-09T12:00:00.000Z","2026-09-09T14:00:00.000Z","2"
"NEUTRAL_MIN_VENT","2026-09-10T21:00:00.000Z","2026-09-10T22:00:00.000Z","1"
"NEUTRAL_MIN_VENT","2026-09-11T10:00:00.000Z","2026-09-11T12:00:00.000Z","2"
"NEUTRAL_MIN_VENT","2026-09-11T16:00:00.000Z","2026-09-11T18:00:00.000Z","2"
"PAD_EFFECTIVE","2026-02-28T01:00:00.000Z","2026-02-28T02:00:00.000Z","1"
"PAD_EFFECTIVE","2026-03-01T01:00:00.000Z","2026-03-01T02:00:00.000Z","1"
"PAD_EFFECTIVE","2026-03-09T00:00:00.000Z","2026-03-09T01:00:00.000Z","1"
"PAD_EFFECTIVE","2026-03-15T00:00:00.000Z","2026-03-15T05:00:00.000Z","5"
"PAD_EFFECTIVE","2026-03-19T00:00:00.000Z","2026-03-19T01:00:00.000Z","1"
"PAD_EFFECTIVE","2026-03-19T21:00:00.000Z","2026-03-20T03:00:00.000Z","6"
"PAD_EFFECTIVE","2026-03-20T04:00:00.000Z","2026-03-20T05:00:00.000Z","1"
"PAD_EFFECTIVE","2026-03-20T22:00:00.000Z","2026-03-20T23:00:00.000Z","1"
"PAD_EFFECTIVE","2026-03-21T04:00:00.000Z","2026-03-21T07:00:00.000Z","3"
"PAD_EFFECTIVE","2026-03-21T22:00:00.000Z","2026-03-22T00:00:00.000Z","2"
"PAD_EFFECTIVE","2026-03-22T18:00:00.000Z","2026-03-22T22:00:00.000Z","4"
"PAD_EFFECTIVE","2026-03-30T00:00:00.000Z","2026-03-30T08:00:00.000Z","8"
"PAD_EFFECTIVE","2026-04-08T00:00:00.000Z","2026-04-08T01:00:00.000Z","1"
"PAD_EFFECTIVE","2026-04-09T00:00:00.000Z","2026-04-09T02:00:00.000Z","2"
"PAD_EFFECTIVE","2026-04-10T00:00:00.000Z","2026-04-10T05:00:00.000Z","5"
"PAD_EFFECTIVE","2026-04-20T00:00:00.000Z","2026-04-20T01:00:00.000Z","1"
"PAD_EFFECTIVE","2026-04-21T00:00:00.000Z","2026-04-21T01:00:00.000Z","1"
"PAD_EFFECTIVE","2026-05-03T22:00:00.000Z","2026-05-04T07:00:00.000Z","9"
"PAD_EFFECTIVE","2026-05-08T00:00:00.000Z","2026-05-08T01:00:00.000Z","1"
"PAD_EFFECTIVE","2026-05-10T00:00:00.000Z","2026-05-10T01:00:00.000Z","1"
"PAD_EFFECTIVE","2026-05-10T02:00:00.000Z","2026-05-10T03:00:00.000Z","1"
"PAD_EFFECTIVE","2026-05-10T07:00:00.000Z","2026-05-10T08:00:00.000Z","1"
"PAD_EFFECTIVE","2026-05-12T00:00:00.000Z","2026-05-12T02:00:00.000Z","2"
"PAD_EFFECTIVE","2026-05-13T03:00:00.000Z","2026-05-13T07:00:00.000Z","4"
"PAD_EFFECTIVE","2026-05-14T00:00:00.000Z","2026-05-14T04:00:00.000Z","4"
"PAD_INEFFECTIVE_DEHU_NEEDED","2026-02-18T01:00:00.000Z","2026-02-18T02:00:00.000Z","1"
"PAD_INEFFECTIVE_DEHU_NEEDED","2026-03-04T01:00:00.000Z","2026-03-04T03:00:00.000Z","2"
"PAD_INEFFECTIVE_DEHU_NEEDED","2026-03-06T03:00:00.000Z","2026-03-06T08:00:00.000Z","5"
"PAD_INEFFECTIVE_DEHU_NEEDED","2026-03-07T04:00:00.000Z","2026-03-07T05:00:00.000Z","1"
"PAD_INEFFECTIVE_DEHU_NEEDED","2026-03-07T06:00:00.000Z","2026-03-07T08:00:00.000Z","2"
"PAD_INEFFECTIVE_DEHU_NEEDED","2026-03-10T00:00:00.000Z","2026-03-10T12:00:00.000Z","12"
"PAD_INEFFECTIVE_DEHU_NEEDED","2026-03-11T00:00:00.000Z","2026-03-11T06:00:00.000Z","6"
"PAD_INEFFECTIVE_DEHU_NEEDED","2026-03-20T19:00:00.000Z","2026-03-20T22:00:00.000Z","3"
"PAD_INEFFECTIVE_DEHU_NEEDED","2026-03-20T23:00:00.000Z","2026-03-21T03:00:00.000Z","4"
"PAD_INEFFECTIVE_DEHU_NEEDED","2026-03-21T18:00:00.000Z","2026-03-21T22:00:00.000Z","4"
"PAD_INEFFECTIVE_DEHU_NEEDED","2026-03-22T00:00:00.000Z","2026-03-22T10:00:00.000Z","10"
"PAD_INEFFECTIVE_DEHU_NEEDED","2026-03-25T19:00:00.000Z","2026-03-26T10:00:00.000Z","15"
"PAD_INEFFECTIVE_DEHU_NEEDED","2026-03-26T18:00:00.000Z","2026-03-27T07:00:00.000Z","13"
"PAD_INEFFECTIVE_DEHU_NEEDED","2026-03-31T00:00:00.000Z","2026-03-31T12:00:00.000Z","12"
"PAD_INEFFECTIVE_DEHU_NEEDED","2026-04-01T00:00:00.000Z","2026-04-01T12:00:00.000Z","12"
"PAD_INEFFECTIVE_DEHU_NEEDED","2026-04-02T00:00:00.000Z","2026-04-02T06:00:00.000Z","6"
"PAD_INEFFECTIVE_DEHU_NEEDED","2026-04-02T21:00:00.000Z","2026-04-02T23:00:00.000Z","2"
"PAD_INEFFECTIVE_DEHU_NEEDED","2026-04-03T01:00:00.000Z","2026-04-03T07:00:00.000Z","6"
"PAD_INEFFECTIVE_DEHU_NEEDED","2026-04-03T09:00:00.000Z","2026-04-03T10:00:00.000Z","1"
"PAD_INEFFECTIVE_DEHU_NEEDED","2026-04-04T00:00:00.000Z","2026-04-04T04:00:00.000Z","4"
"PAD_INEFFECTIVE_DEHU_NEEDED","2026-04-12T00:00:00.000Z","2026-04-12T08:00:00.000Z","8"
"PAD_INEFFECTIVE_DEHU_NEEDED","2026-04-12T11:00:00.000Z","2026-04-12T12:00:00.000Z","1"
"PAD_INEFFECTIVE_DEHU_NEEDED","2026-04-13T00:00:00.000Z","2026-04-13T12:00:00.000Z","12"
"PAD_INEFFECTIVE_DEHU_NEEDED","2026-04-13T21:00:00.000Z","2026-04-13T22:00:00.000Z","1"
"PAD_INEFFECTIVE_DEHU_NEEDED","2026-04-14T00:00:00.000Z","2026-04-14T12:00:00.000Z","12"
"PAD_INEFFECTIVE_DEHU_NEEDED","2026-04-15T00:00:00.000Z","2026-04-15T04:00:00.000Z","4"
"PAD_INEFFECTIVE_DEHU_NEEDED","2026-04-16T00:00:00.000Z","2026-04-16T06:00:00.000Z","6"
"PAD_INEFFECTIVE_DEHU_NEEDED","2026-04-17T00:00:00.000Z","2026-04-17T12:00:00.000Z","12"
"PAD_INEFFECTIVE_DEHU_NEEDED","2026-04-18T00:00:00.000Z","2026-04-18T03:00:00.000Z","3"
"PAD_INEFFECTIVE_DEHU_NEEDED","2026-04-23T00:00:00.000Z","2026-04-23T02:00:00.000Z","2"
"PAD_INEFFECTIVE_DEHU_NEEDED","2026-04-24T00:00:00.000Z","2026-04-24T06:00:00.000Z","6"
"PAD_INEFFECTIVE_DEHU_NEEDED","2026-04-25T00:00:00.000Z","2026-04-25T02:00:00.000Z","2"
"PAD_INEFFECTIVE_DEHU_NEEDED","2026-04-26T00:00:00.000Z","2026-04-26T03:00:00.000Z","3"
"PAD_INEFFECTIVE_DEHU_NEEDED","2026-04-27T00:00:00.000Z","2026-04-27T12:00:00.000Z","12"
"PAD_INEFFECTIVE_DEHU_NEEDED","2026-04-27T18:00:00.000Z","2026-04-27T22:00:00.000Z","4"
"PAD_INEFFECTIVE_DEHU_NEEDED","2026-04-28T00:00:00.000Z","2026-04-28T05:00:00.000Z","5"
"PAD_INEFFECTIVE_DEHU_NEEDED","2026-05-05T00:00:00.000Z","2026-05-05T07:00:00.000Z","7"
"PAD_INEFFECTIVE_DEHU_NEEDED","2026-05-10T01:00:00.000Z","2026-05-10T02:00:00.000Z","1"
"PAD_INEFFECTIVE_DEHU_NEEDED","2026-05-13T00:00:00.000Z","2026-05-13T03:00:00.000Z","3"
"PAD_INEFFECTIVE_DEHU_NEEDED","2026-05-15T00:00:00.000Z","2026-05-15T12:00:00.000Z","12"
"PAD_INEFFECTIVE_DEHU_NEEDED","2026-05-16T00:00:00.000Z","2026-05-16T12:00:00.000Z","12"
"PAD_INEFFECTIVE_DEHU_NEEDED","2026-05-16T19:00:00.000Z","2026-05-17T12:00:00.000Z","17"
"PAD_INEFFECTIVE_DEHU_NEEDED","2026-05-17T21:00:00.000Z","2026-05-18T05:00:00.000Z","8"
"PAD_INEFFECTIVE_DEHU_NEEDED","2026-05-18T07:00:00.000Z","2026-05-18T12:00:00.000Z","5"
"PAD_INEFFECTIVE_DEHU_NEEDED","2026-05-18T18:00:00.000Z","2026-05-19T12:00:00.000Z","18"
"PAD_INEFFECTIVE_DEHU_NEEDED","2026-05-23T00:00:00.000Z","2026-05-23T03:00:00.000Z","3"
"PAD_INEFFECTIVE_DEHU_NEEDED","2026-05-23T04:00:00.000Z","2026-05-23T05:00:00.000Z","1"
"PAD_INEFFECTIVE_DEHU_NEEDED","2026-05-24T00:00:00.000Z","2026-05-24T02:00:00.000Z","2"
"PAD_INEFFECTIVE_DEHU_NEEDED","2026-05-25T00:00:00.000Z","2026-05-25T03:00:00.000Z","3"
"PAD_INEFFECTIVE_DEHU_NEEDED","2026-05-25T19:00:00.000Z","2026-05-26T07:00:00.000Z","12"
"PAD_INEFFECTIVE_DEHU_NEEDED","2026-05-27T00:00:00.000Z","2026-05-27T05:00:00.000Z","5"
"PAD_INEFFECTIVE_DEHU_NEEDED","2026-05-28T00:00:00.000Z","2026-05-28T12:00:00.000Z","12"
"PAD_INEFFECTIVE_DEHU_NEEDED","2026-05-29T00:00:00.000Z","2026-05-29T09:00:00.000Z","9"
"PAD_INEFFECTIVE_DEHU_NEEDED","2026-05-29T20:00:00.000Z","2026-05-30T12:00:00.000Z","16"
"PAD_INEFFECTIVE_DEHU_NEEDED","2026-05-30T16:00:00.000Z","2026-05-31T12:00:00.000Z","20"
"PAD_INEFFECTIVE_DEHU_NEEDED","2026-05-31T16:00:00.000Z","2026-06-01T12:00:00.000Z","20"
"PAD_INEFFECTIVE_DEHU_NEEDED","2026-06-01T15:00:00.000Z","2026-06-02T11:00:00.000Z","20"
"PAD_INEFFECTIVE_DEHU_NEEDED","2026-06-02T22:00:00.000Z","2026-06-03T12:00:00.000Z","14"
"PAD_INEFFECTIVE_DEHU_NEEDED","2026-06-04T00:00:00.000Z","2026-06-04T12:00:00.000Z","12"
"PAD_INEFFECTIVE_DEHU_NEEDED","2026-06-04T20:00:00.000Z","2026-06-05T12:00:00.000Z","16"
"PAD_INEFFECTIVE_DEHU_NEEDED","2026-06-05T19:00:00.000Z","2026-06-05T21:00:00.000Z","2"
"PAD_INEFFECTIVE_DEHU_NEEDED","2026-06-06T00:00:00.000Z","2026-06-06T12:00:00.000Z","12"
"PAD_INEFFECTIVE_DEHU_NEEDED","2026-06-07T00:00:00.000Z","2026-06-07T12:00:00.000Z","12"
"PAD_INEFFECTIVE_DEHU_NEEDED","2026-06-08T00:00:00.000Z","2026-06-08T12:00:00.000Z","12"
"PAD_INEFFECTIVE_DEHU_NEEDED","2026-06-08T17:00:00.000Z","2026-06-09T12:00:00.000Z","19"
"PAD_INEFFECTIVE_DEHU_NEEDED","2026-06-09T16:00:00.000Z","2026-06-10T12:00:00.000Z","20"
"PAD_INEFFECTIVE_DEHU_NEEDED","2026-06-10T15:00:00.000Z","2026-06-11T12:00:00.000Z","21"
"PAD_INEFFECTIVE_DEHU_NEEDED","2026-06-11T17:00:00.000Z","2026-06-12T12:00:00.000Z","19"
"PAD_INEFFECTIVE_DEHU_NEEDED","2026-06-12T22:00:00.000Z","2026-06-13T12:00:00.000Z","14"
"PAD_INEFFECTIVE_DEHU_NEEDED","2026-06-13T17:00:00.000Z","2026-06-14T07:00:00.000Z","14"
"PAD_INEFFECTIVE_DEHU_NEEDED","2026-06-14T09:00:00.000Z","2026-06-14T12:00:00.000Z","3"
"PAD_INEFFECTIVE_DEHU_NEEDED","2026-06-15T00:00:00.000Z","2026-06-15T04:00:00.000Z","4"
"PAD_INEFFECTIVE_DEHU_NEEDED","2026-06-16T00:00:00.000Z","2026-06-16T07:00:00.000Z","7"
"PAD_INEFFECTIVE_DEHU_NEEDED","2026-06-16T08:00:00.000Z","2026-06-16T09:00:00.000Z","1"
"PAD_INEFFECTIVE_DEHU_NEEDED","2026-06-16T18:00:00.000Z","2026-06-17T12:00:00.000Z","18"
"PAD_INEFFECTIVE_DEHU_NEEDED","2026-06-17T16:00:00.000Z","2026-06-18T12:00:00.000Z","20"
"PAD_INEFFECTIVE_DEHU_NEEDED","2026-06-20T00:00:00.000Z","2026-06-20T12:00:00.000Z","12"
"PAD_INEFFECTIVE_DEHU_NEEDED","2026-06-20T18:00:00.000Z","2026-06-21T12:00:00.000Z","18"
"PAD_INEFFECTIVE_DEHU_NEEDED","2026-06-21T19:00:00.000Z","2026-06-22T10:00:00.000Z","15"
"PAD_INEFFECTIVE_DEHU_NEEDED","2026-06-22T11:00:00.000Z","2026-06-22T12:00:00.000Z","1"
"PAD_INEFFECTIVE_DEHU_NEEDED","2026-06-23T00:00:00.000Z","2026-06-23T04:00:00.000Z","4"
"PAD_INEFFECTIVE_DEHU_NEEDED","2026-06-24T00:00:00.000Z","2026-06-24T05:00:00.000Z","5"
"PAD_INEFFECTIVE_DEHU_NEEDED","2026-06-24T11:00:00.000Z","2026-06-24T12:00:00.000Z","1"
"PAD_INEFFECTIVE_DEHU_NEEDED","2026-06-25T00:00:00.000Z","2026-06-25T12:00:00.000Z","12"
"PAD_INEFFECTIVE_DEHU_NEEDED","2026-06-26T00:00:00.000Z","2026-06-26T12:00:00.000Z","12"
"PAD_INEFFECTIVE_DEHU_NEEDED","2026-06-26T18:00:00.000Z","2026-06-27T12:00:00.000Z","18"
"PAD_INEFFECTIVE_DEHU_NEEDED","2026-06-27T17:00:00.000Z","2026-06-28T12:00:00.000Z","19"
"PAD_INEFFECTIVE_DEHU_NEEDED","2026-06-28T16:00:00.000Z","2026-06-29T12:00:00.000Z","20"
"PAD_INEFFECTIVE_DEHU_NEEDED","2026-06-29T15:00:00.000Z","2026-06-30T12:00:00.000Z","21"
"PAD_INEFFECTIVE_DEHU_NEEDED","2026-06-30T15:00:00.000Z","2026-07-01T12:00:00.000Z","21"
"PAD_INEFFECTIVE_DEHU_NEEDED","2026-07-01T15:00:00.000Z","2026-07-02T12:00:00.000Z","21"
"PAD_INEFFECTIVE_DEHU_NEEDED","2026-07-02T15:00:00.000Z","2026-07-03T12:00:00.000Z","21"
"PAD_INEFFECTIVE_DEHU_NEEDED","2026-07-03T15:00:00.000Z","2026-07-04T12:00:00.000Z","21"
"PAD_INEFFECTIVE_DEHU_NEEDED","2026-07-04T15:00:00.000Z","2026-07-05T09:00:00.000Z","18"
"PAD_INEFFECTIVE_DEHU_NEEDED","2026-07-05T11:00:00.000Z","2026-07-05T12:00:00.000Z","1"
"PAD_INEFFECTIVE_DEHU_NEEDED","2026-07-05T18:00:00.000Z","2026-07-06T12:00:00.000Z","18"
"PAD_INEFFECTIVE_DEHU_NEEDED","2026-07-06T15:00:00.000Z","2026-07-07T12:00:00.000Z","21"
"PAD_INEFFECTIVE_DEHU_NEEDED","2026-07-07T16:00:00.000Z","2026-07-08T12:00:00.000Z","20"
"PAD_INEFFECTIVE_DEHU_NEEDED","2026-07-08T16:00:00.000Z","2026-07-09T12:00:00.000Z","20"
"PAD_INEFFECTIVE_DEHU_NEEDED","2026-07-09T16:00:00.000Z","2026-07-10T12:00:00.000Z","20"
"PAD_INEFFECTIVE_DEHU_NEEDED","2026-07-10T14:00:00.000Z","2026-07-11T12:00:00.000Z","22"
"PAD_INEFFECTIVE_DEHU_NEEDED","2026-07-11T14:00:00.000Z","2026-07-12T12:00:00.000Z","22"
"PAD_INEFFECTIVE_DEHU_NEEDED","2026-07-12T19:00:00.000Z","2026-07-13T12:00:00.000Z","17"
"PAD_INEFFECTIVE_DEHU_NEEDED","2026-07-13T17:00:00.000Z","2026-07-14T12:00:00.000Z","19"
"PAD_INEFFECTIVE_DEHU_NEEDED","2026-07-14T16:00:00.000Z","2026-07-15T12:00:00.000Z","20"
"PAD_INEFFECTIVE_DEHU_NEEDED","2026-07-15T20:00:00.000Z","2026-07-16T12:00:00.000Z","16"
"PAD_INEFFECTIVE_DEHU_NEEDED","2026-07-16T17:00:00.000Z","2026-07-17T12:00:00.000Z","19"
"PAD_INEFFECTIVE_DEHU_NEEDED","2026-07-17T17:00:00.000Z","2026-07-17T19:00:00.000Z","2"
"PAD_INEFFECTIVE_DEHU_NEEDED","2026-07-17T20:00:00.000Z","2026-07-18T12:00:00.000Z","16"
"PAD_INEFFECTIVE_DEHU_NEEDED","2026-07-18T16:00:00.000Z","2026-07-18T21:00:00.000Z","5"
"PAD_INEFFECTIVE_DEHU_NEEDED","2026-07-19T00:00:00.000Z","2026-07-19T12:00:00.000Z","12"
"PAD_INEFFECTIVE_DEHU_NEEDED","2026-07-19T15:00:00.000Z","2026-07-20T12:00:00.000Z","21"
"PAD_INEFFECTIVE_DEHU_NEEDED","2026-07-20T14:00:00.000Z","2026-07-21T12:00:00.000Z","22"
"PAD_INEFFECTIVE_DEHU_NEEDED","2026-07-21T14:00:00.000Z","2026-07-22T12:00:00.000Z","22"
"PAD_INEFFECTIVE_DEHU_NEEDED","2026-07-22T17:00:00.000Z","2026-07-23T12:00:00.000Z","19"
"PAD_INEFFECTIVE_DEHU_NEEDED","2026-07-23T18:00:00.000Z","2026-07-24T12:00:00.000Z","18"
"PAD_INEFFECTIVE_DEHU_NEEDED","2026-07-24T19:00:00.000Z","2026-07-25T12:00:00.000Z","17"
"PAD_INEFFECTIVE_DEHU_NEEDED","2026-07-25T14:00:00.000Z","2026-07-26T12:00:00.000Z","22"
"PAD_INEFFECTIVE_DEHU_NEEDED","2026-07-26T14:00:00.000Z","2026-07-27T12:00:00.000Z","22"
"PAD_INEFFECTIVE_DEHU_NEEDED","2026-07-27T15:00:00.000Z","2026-07-28T12:00:00.000Z","21"
"PAD_INEFFECTIVE_DEHU_NEEDED","2026-07-28T15:00:00.000Z","2026-07-30T12:00:00.000Z","45"
"PAD_INEFFECTIVE_DEHU_NEEDED","2026-07-30T15:00:00.000Z","2026-07-31T12:00:00.000Z","21"
"PAD_INEFFECTIVE_DEHU_NEEDED","2026-07-31T16:00:00.000Z","2026-08-01T12:00:00.000Z","20"
"PAD_INEFFECTIVE_DEHU_NEEDED","2026-08-01T18:00:00.000Z","2026-08-02T09:00:00.000Z","15"
"PAD_INEFFECTIVE_DEHU_NEEDED","2026-08-02T17:00:00.000Z","2026-08-03T12:00:00.000Z","19"
"PAD_INEFFECTIVE_DEHU_NEEDED","2026-08-03T15:00:00.000Z","2026-08-04T12:00:00.000Z","21"
"PAD_INEFFECTIVE_DEHU_NEEDED","2026-08-04T16:00:00.000Z","2026-08-05T12:00:00.000Z","20"
"PAD_INEFFECTIVE_DEHU_NEEDED","2026-08-05T15:00:00.000Z","2026-08-06T12:00:00.000Z","21"
"PAD_INEFFECTIVE_DEHU_NEEDED","2026-08-06T14:00:00.000Z","2026-08-07T12:00:00.000Z","22"
"PAD_INEFFECTIVE_DEHU_NEEDED","2026-08-07T17:00:00.000Z","2026-08-08T12:00:00.000Z","19"
"PAD_INEFFECTIVE_DEHU_NEEDED","2026-08-08T16:00:00.000Z","2026-08-09T12:00:00.000Z","20"
"PAD_INEFFECTIVE_DEHU_NEEDED","2026-08-09T16:00:00.000Z","2026-08-10T12:00:00.000Z","20"
"PAD_INEFFECTIVE_DEHU_NEEDED","2026-08-10T14:00:00.000Z","2026-08-11T12:00:00.000Z","22"
"PAD_INEFFECTIVE_DEHU_NEEDED","2026-08-11T14:00:00.000Z","2026-08-12T12:00:00.000Z","22"
"PAD_INEFFECTIVE_DEHU_NEEDED","2026-08-12T13:00:00.000Z","2026-08-13T12:00:00.000Z","23"
"PAD_INEFFECTIVE_DEHU_NEEDED","2026-08-13T13:00:00.000Z","2026-08-14T12:00:00.000Z","23"
"PAD_INEFFECTIVE_DEHU_NEEDED","2026-08-14T13:00:00.000Z","2026-08-15T12:00:00.000Z","23"
"PAD_INEFFECTIVE_DEHU_NEEDED","2026-08-15T14:00:00.000Z","2026-08-17T12:00:00.000Z","46"
"PAD_INEFFECTIVE_DEHU_NEEDED","2026-08-17T20:00:00.000Z","2026-08-18T12:00:00.000Z","16"
"PAD_INEFFECTIVE_DEHU_NEEDED","2026-08-18T15:00:00.000Z","2026-08-20T12:00:00.000Z","45"
"PAD_INEFFECTIVE_DEHU_NEEDED","2026-08-20T14:00:00.000Z","2026-08-21T12:00:00.000Z","22"
"PAD_INEFFECTIVE_DEHU_NEEDED","2026-08-21T17:00:00.000Z","2026-08-22T12:00:00.000Z","19"
"PAD_INEFFECTIVE_DEHU_NEEDED","2026-08-22T16:00:00.000Z","2026-08-23T12:00:00.000Z","20"
"PAD_INEFFECTIVE_DEHU_NEEDED","2026-08-23T16:00:00.000Z","2026-08-24T12:00:00.000Z","20"
"PAD_INEFFECTIVE_DEHU_NEEDED","2026-08-24T18:00:00.000Z","2026-08-24T19:00:00.000Z","1"
"PAD_INEFFECTIVE_DEHU_NEEDED","2026-08-24T20:00:00.000Z","2026-08-24T23:00:00.000Z","3"
"PAD_INEFFECTIVE_DEHU_NEEDED","2026-08-25T00:00:00.000Z","2026-08-25T12:00:00.000Z","12"
"PAD_INEFFECTIVE_DEHU_NEEDED","2026-08-25T16:00:00.000Z","2026-08-26T12:00:00.000Z","20"
"PAD_INEFFECTIVE_DEHU_NEEDED","2026-08-26T15:00:00.000Z","2026-08-27T12:00:00.000Z","21"
"PAD_INEFFECTIVE_DEHU_NEEDED","2026-08-27T16:00:00.000Z","2026-08-28T08:00:00.000Z","16"
"PAD_INEFFECTIVE_DEHU_NEEDED","2026-08-28T16:00:00.000Z","2026-08-29T12:00:00.000Z","20"
"PAD_INEFFECTIVE_DEHU_NEEDED","2026-08-29T16:00:00.000Z","2026-08-30T12:00:00.000Z","20"
"PAD_INEFFECTIVE_DEHU_NEEDED","2026-08-30T15:00:00.000Z","2026-08-31T12:00:00.000Z","21"
"PAD_INEFFECTIVE_DEHU_NEEDED","2026-08-31T15:00:00.000Z","2026-09-01T12:00:00.000Z","21"
"PAD_INEFFECTIVE_DEHU_NEEDED","2026-09-01T14:00:00.000Z","2026-09-02T12:00:00.000Z","22"
"PAD_INEFFECTIVE_DEHU_NEEDED","2026-09-02T14:00:00.000Z","2026-09-03T12:00:00.000Z","22"
"PAD_INEFFECTIVE_DEHU_NEEDED","2026-09-03T15:00:00.000Z","2026-09-04T12:00:00.000Z","21"
"PAD_INEFFECTIVE_DEHU_NEEDED","2026-09-04T15:00:00.000Z","2026-09-05T12:00:00.000Z","21"
"PAD_INEFFECTIVE_DEHU_NEEDED","2026-09-05T14:00:00.000Z","2026-09-06T12:00:00.000Z","22"
"PAD_INEFFECTIVE_DEHU_NEEDED","2026-09-06T14:00:00.000Z","2026-09-07T12:00:00.000Z","22"
"PAD_INEFFECTIVE_DEHU_NEEDED","2026-09-07T15:00:00.000Z","2026-09-08T12:00:00.000Z","21"
"PAD_INEFFECTIVE_DEHU_NEEDED","2026-09-08T14:00:00.000Z","2026-09-09T12:00:00.000Z","22"
"PAD_INEFFECTIVE_DEHU_NEEDED","2026-09-09T14:00:00.000Z","2026-09-10T00:00:00.000Z","10"
"PAD_INEFFECTIVE_DEHU_NEEDED","2026-09-10T01:00:00.000Z","2026-09-10T12:00:00.000Z","11"
"PAD_INEFFECTIVE_DEHU_NEEDED","2026-09-11T00:00:00.000Z","2026-09-11T10:00:00.000Z","10"
"PAD_INEFFECTIVE_DEHU_NEEDED","2026-09-11T18:00:00.000Z","2026-09-11T21:00:00.000Z","3"
"PAD_MARGINAL","2026-03-21T03:00:00.000Z","2026-03-21T04:00:00.000Z","1"
"PAD_MARGINAL","2026-04-03T00:00:00.000Z","2026-04-03T01:00:00.000Z","1"
"PASSIVE_HUMIDIFY_OPPORTUNITY","2026-02-10T04:00:00.000Z","2026-02-10T05:00:00.000Z","1"
"PASSIVE_HUMIDIFY_OPPORTUNITY","2026-02-17T01:00:00.000Z","2026-02-17T02:00:00.000Z","1"
"PASSIVE_HUMIDIFY_OPPORTUNITY","2026-02-18T02:00:00.000Z","2026-02-18T08:00:00.000Z","6"
"PASSIVE_HUMIDIFY_OPPORTUNITY","2026-02-26T01:00:00.000Z","2026-02-26T02:00:00.000Z","1"
"PASSIVE_HUMIDIFY_OPPORTUNITY","2026-03-03T22:00:00.000Z","2026-03-03T23:00:00.000Z","1"
"PASSIVE_HUMIDIFY_OPPORTUNITY","2026-03-05T20:00:00.000Z","2026-03-05T21:00:00.000Z","1"
"PASSIVE_HUMIDIFY_OPPORTUNITY","2026-03-06T08:00:00.000Z","2026-03-06T13:00:00.000Z","5"
"PASSIVE_HUMIDIFY_OPPORTUNITY","2026-03-06T16:00:00.000Z","2026-03-06T18:00:00.000Z","2"
"PASSIVE_HUMIDIFY_OPPORTUNITY","2026-03-09T17:00:00.000Z","2026-03-09T18:00:00.000Z","1"
"PASSIVE_HUMIDIFY_OPPORTUNITY","2026-03-09T20:00:00.000Z","2026-03-10T00:00:00.000Z","4"
"PASSIVE_HUMIDIFY_OPPORTUNITY","2026-03-11T06:00:00.000Z","2026-03-11T10:00:00.000Z","4"
"PASSIVE_HUMIDIFY_OPPORTUNITY","2026-03-11T11:00:00.000Z","2026-03-11T12:00:00.000Z","1"
"PASSIVE_HUMIDIFY_OPPORTUNITY","2026-03-15T05:00:00.000Z","2026-03-15T12:00:00.000Z","7"
"PASSIVE_HUMIDIFY_OPPORTUNITY","2026-03-20T03:00:00.000Z","2026-03-20T04:00:00.000Z","1"
"PASSIVE_HUMIDIFY_OPPORTUNITY","2026-03-20T07:00:00.000Z","2026-03-20T08:00:00.000Z","1"
"PASSIVE_HUMIDIFY_OPPORTUNITY","2026-03-21T07:00:00.000Z","2026-03-21T11:00:00.000Z","4"
"PASSIVE_HUMIDIFY_OPPORTUNITY","2026-03-21T17:00:00.000Z","2026-03-21T18:00:00.000Z","1"
"PASSIVE_HUMIDIFY_OPPORTUNITY","2026-03-22T10:00:00.000Z","2026-03-22T12:00:00.000Z","2"
"PASSIVE_HUMIDIFY_OPPORTUNITY","2026-03-23T00:00:00.000Z","2026-03-23T01:00:00.000Z","1"
"PASSIVE_HUMIDIFY_OPPORTUNITY","2026-03-25T18:00:00.000Z","2026-03-25T19:00:00.000Z","1"
"PASSIVE_HUMIDIFY_OPPORTUNITY","2026-03-26T10:00:00.000Z","2026-03-26T12:00:00.000Z","2"
"PASSIVE_HUMIDIFY_OPPORTUNITY","2026-03-26T15:00:00.000Z","2026-03-26T18:00:00.000Z","3"
"PASSIVE_HUMIDIFY_OPPORTUNITY","2026-03-27T08:00:00.000Z","2026-03-27T10:00:00.000Z","2"
"PASSIVE_HUMIDIFY_OPPORTUNITY","2026-03-30T08:00:00.000Z","2026-03-30T12:00:00.000Z","4"
"PASSIVE_HUMIDIFY_OPPORTUNITY","2026-03-30T17:00:00.000Z","2026-03-31T00:00:00.000Z","7"
"PASSIVE_HUMIDIFY_OPPORTUNITY","2026-03-31T18:00:00.000Z","2026-04-01T00:00:00.000Z","6"
"PASSIVE_HUMIDIFY_OPPORTUNITY","2026-04-01T13:00:00.000Z","2026-04-01T14:00:00.000Z","1"
"PASSIVE_HUMIDIFY_OPPORTUNITY","2026-04-01T15:00:00.000Z","2026-04-01T16:00:00.000Z","1"
"PASSIVE_HUMIDIFY_OPPORTUNITY","2026-04-02T15:00:00.000Z","2026-04-02T16:00:00.000Z","1"
"PASSIVE_HUMIDIFY_OPPORTUNITY","2026-04-02T18:00:00.000Z","2026-04-02T21:00:00.000Z","3"
"PASSIVE_HUMIDIFY_OPPORTUNITY","2026-04-09T20:00:00.000Z","2026-04-09T22:00:00.000Z","2"
"PASSIVE_HUMIDIFY_OPPORTUNITY","2026-04-10T05:00:00.000Z","2026-04-10T11:00:00.000Z","6"
"PASSIVE_HUMIDIFY_OPPORTUNITY","2026-04-11T23:00:00.000Z","2026-04-12T00:00:00.000Z","1"
"PASSIVE_HUMIDIFY_OPPORTUNITY","2026-04-16T06:00:00.000Z","2026-04-16T10:00:00.000Z","4"
"PASSIVE_HUMIDIFY_OPPORTUNITY","2026-04-22T20:00:00.000Z","2026-04-22T23:00:00.000Z","3"
"PASSIVE_HUMIDIFY_OPPORTUNITY","2026-04-24T06:00:00.000Z","2026-04-24T07:00:00.000Z","1"
"PASSIVE_HUMIDIFY_OPPORTUNITY","2026-04-24T23:00:00.000Z","2026-04-25T00:00:00.000Z","1"
"PASSIVE_HUMIDIFY_OPPORTUNITY","2026-04-27T22:00:00.000Z","2026-04-28T00:00:00.000Z","2"
"PASSIVE_HUMIDIFY_OPPORTUNITY","2026-04-28T05:00:00.000Z","2026-04-28T06:00:00.000Z","1"
"PASSIVE_HUMIDIFY_OPPORTUNITY","2026-05-04T07:00:00.000Z","2026-05-04T12:00:00.000Z","5"
"PASSIVE_HUMIDIFY_OPPORTUNITY","2026-05-04T17:00:00.000Z","2026-05-05T00:00:00.000Z","7"
"PASSIVE_HUMIDIFY_OPPORTUNITY","2026-05-05T07:00:00.000Z","2026-05-05T11:00:00.000Z","4"
"PASSIVE_HUMIDIFY_OPPORTUNITY","2026-05-08T21:00:00.000Z","2026-05-08T23:00:00.000Z","2"
"PASSIVE_HUMIDIFY_OPPORTUNITY","2026-05-10T03:00:00.000Z","2026-05-10T07:00:00.000Z","4"
"PASSIVE_HUMIDIFY_OPPORTUNITY","2026-05-10T08:00:00.000Z","2026-05-10T11:00:00.000Z","3"
"PASSIVE_HUMIDIFY_OPPORTUNITY","2026-05-11T00:00:00.000Z","2026-05-11T02:00:00.000Z","2"
"PASSIVE_HUMIDIFY_OPPORTUNITY","2026-05-12T02:00:00.000Z","2026-05-12T04:00:00.000Z","2"
"PASSIVE_HUMIDIFY_OPPORTUNITY","2026-05-12T05:00:00.000Z","2026-05-12T06:00:00.000Z","1"
"PASSIVE_HUMIDIFY_OPPORTUNITY","2026-05-13T07:00:00.000Z","2026-05-13T12:00:00.000Z","5"
"PASSIVE_HUMIDIFY_OPPORTUNITY","2026-05-14T04:00:00.000Z","2026-05-14T07:00:00.000Z","3"
"PASSIVE_HUMIDIFY_OPPORTUNITY","2026-05-14T19:00:00.000Z","2026-05-15T00:00:00.000Z","5"
"PASSIVE_HUMIDIFY_OPPORTUNITY","2026-05-24T19:00:00.000Z","2026-05-24T21:00:00.000Z","2"
"PASSIVE_HUMIDIFY_OPPORTUNITY","2026-05-24T23:00:00.000Z","2026-05-25T00:00:00.000Z","1"
"PASSIVE_HUMIDIFY_OPPORTUNITY","2026-06-14T22:00:00.000Z","2026-06-15T00:00:00.000Z","2"
"PASSIVE_HUMIDIFY_OPPORTUNITY","2026-06-15T14:00:00.000Z","2026-06-15T15:00:00.000Z","1"
"PASSIVE_HUMIDIFY_OPPORTUNITY","2026-06-15T16:00:00.000Z","2026-06-15T18:00:00.000Z","2"
"PASSIVE_HUMIDIFY_OPPORTUNITY","2026-06-15T21:00:00.000Z","2026-06-16T00:00:00.000Z","3"
"PASSIVE_HUMIDIFY_OPPORTUNITY","2026-06-16T09:00:00.000Z","2026-06-16T11:00:00.000Z","2"
"PASSIVE_HUMIDIFY_OPPORTUNITY","2026-06-16T13:00:00.000Z","2026-06-16T14:00:00.000Z","1"
"PASSIVE_HUMIDIFY_OPPORTUNITY","2026-06-18T17:00:00.000Z","2026-06-18T19:00:00.000Z","2"
"PASSIVE_HUMIDIFY_OPPORTUNITY","2026-06-19T07:00:00.000Z","2026-06-19T12:00:00.000Z","5"
"PASSIVE_HUMIDIFY_OPPORTUNITY","2026-06-19T15:00:00.000Z","2026-06-19T16:00:00.000Z","1"
"PASSIVE_HUMIDIFY_OPPORTUNITY","2026-08-01T13:00:00.000Z","2026-08-01T14:00:00.000Z","1"
"PASSIVE_HUMIDIFY_OPPORTUNITY","2026-08-01T16:00:00.000Z","2026-08-01T18:00:00.000Z","2"
"PASSIVE_HUMIDIFY_OPPORTUNITY","2026-08-28T08:00:00.000Z","2026-08-28T12:00:00.000Z","4"
"PASSIVE_HUMIDIFY_OPPORTUNITY","2026-08-28T13:00:00.000Z","2026-08-28T14:00:00.000Z","1"
"PASSIVE_HUMIDIFY_OPPORTUNITY","2026-08-29T13:00:00.000Z","2026-08-29T14:00:00.000Z","1"
"PASSIVE_HUMIDIFY_OPPORTUNITY","2026-08-30T14:00:00.000Z","2026-08-30T15:00:00.000Z","1"
"PASSIVE_VENT_COOL_DRY","2026-01-05T20:00:00.000Z","2026-01-05T22:00:00.000Z","2"
"PASSIVE_VENT_COOL_DRY","2026-01-06T19:00:00.000Z","2026-01-06T23:00:00.000Z","4"
"PASSIVE_VENT_COOL_DRY","2026-01-07T20:00:00.000Z","2026-01-07T23:00:00.000Z","3"
"PASSIVE_VENT_COOL_DRY","2026-01-08T08:00:00.000Z","2026-01-08T09:00:00.000Z","1"
"PASSIVE_VENT_COOL_DRY","2026-01-08T19:00:00.000Z","2026-01-09T01:00:00.000Z","6"
"PASSIVE_VENT_COOL_DRY","2026-01-13T19:00:00.000Z","2026-01-14T00:00:00.000Z","5"
"PASSIVE_VENT_COOL_DRY","2026-02-05T21:00:00.000Z","2026-02-05T22:00:00.000Z","1"
"PASSIVE_VENT_COOL_DRY","2026-02-06T19:00:00.000Z","2026-02-06T23:00:00.000Z","4"
"PASSIVE_VENT_COOL_DRY","2026-02-08T22:00:00.000Z","2026-02-09T00:00:00.000Z","2"
"PASSIVE_VENT_COOL_DRY","2026-02-09T19:00:00.000Z","2026-02-09T22:00:00.000Z","3"
"PASSIVE_VENT_COOL_DRY","2026-02-09T23:00:00.000Z","2026-02-10T01:00:00.000Z","2"
"PASSIVE_VENT_COOL_DRY","2026-02-10T05:00:00.000Z","2026-02-10T06:00:00.000Z","1"
"PASSIVE_VENT_COOL_DRY","2026-02-10T12:00:00.000Z","2026-02-10T13:00:00.000Z","1"
"PASSIVE_VENT_COOL_DRY","2026-02-10T16:00:00.000Z","2026-02-10T20:00:00.000Z","4"
"PASSIVE_VENT_COOL_DRY","2026-02-13T19:00:00.000Z","2026-02-14T00:00:00.000Z","5"
"PASSIVE_VENT_COOL_DRY","2026-02-14T01:00:00.000Z","2026-02-14T04:00:00.000Z","3"
"PASSIVE_VENT_COOL_DRY","2026-02-16T19:00:00.000Z","2026-02-17T01:00:00.000Z","6"
"PASSIVE_VENT_COOL_DRY","2026-02-17T02:00:00.000Z","2026-02-17T03:00:00.000Z","1"
"PASSIVE_VENT_COOL_DRY","2026-02-17T20:00:00.000Z","2026-02-18T01:00:00.000Z","5"
"PASSIVE_VENT_COOL_DRY","2026-02-18T19:00:00.000Z","2026-02-19T01:00:00.000Z","6"
"PASSIVE_VENT_COOL_DRY","2026-02-19T18:00:00.000Z","2026-02-19T21:00:00.000Z","3"
"PASSIVE_VENT_COOL_DRY","2026-02-24T20:00:00.000Z","2026-02-25T00:00:00.000Z","4"
"PASSIVE_VENT_COOL_DRY","2026-02-25T20:00:00.000Z","2026-02-26T01:00:00.000Z","5"
"PASSIVE_VENT_COOL_DRY","2026-02-26T02:00:00.000Z","2026-02-26T03:00:00.000Z","1"
"PASSIVE_VENT_COOL_DRY","2026-02-26T18:00:00.000Z","2026-02-27T01:00:00.000Z","7"
"PASSIVE_VENT_COOL_DRY","2026-02-27T02:00:00.000Z","2026-02-27T03:00:00.000Z","1"
"PASSIVE_VENT_COOL_DRY","2026-02-27T17:00:00.000Z","2026-02-27T20:00:00.000Z","3"
"PASSIVE_VENT_COOL_DRY","2026-02-28T00:00:00.000Z","2026-02-28T01:00:00.000Z","1"
"PASSIVE_VENT_COOL_DRY","2026-02-28T16:00:00.000Z","2026-03-01T01:00:00.000Z","9"
"PASSIVE_VENT_COOL_DRY","2026-03-03T17:00:00.000Z","2026-03-03T22:00:00.000Z","5"
"PASSIVE_VENT_COOL_DRY","2026-03-03T23:00:00.000Z","2026-03-04T01:00:00.000Z","2"
"PASSIVE_VENT_COOL_DRY","2026-03-06T14:00:00.000Z","2026-03-06T16:00:00.000Z","2"
"PASSIVE_VENT_COOL_DRY","2026-03-08T21:00:00.000Z","2026-03-09T00:00:00.000Z","3"
"PASSIVE_VENT_COOL_DRY","2026-03-09T03:00:00.000Z","2026-03-09T04:00:00.000Z","1"
"PASSIVE_VENT_COOL_DRY","2026-03-09T16:00:00.000Z","2026-03-09T17:00:00.000Z","1"
"PASSIVE_VENT_COOL_DRY","2026-03-11T10:00:00.000Z","2026-03-11T11:00:00.000Z","1"
"PASSIVE_VENT_COOL_DRY","2026-03-13T19:00:00.000Z","2026-03-14T00:00:00.000Z","5"
"PASSIVE_VENT_COOL_DRY","2026-03-14T18:00:00.000Z","2026-03-15T00:00:00.000Z","6"
"PASSIVE_VENT_COOL_DRY","2026-03-15T15:00:00.000Z","2026-03-15T17:00:00.000Z","2"
"PASSIVE_VENT_COOL_DRY","2026-03-18T00:00:00.000Z","2026-03-18T01:00:00.000Z","1"
"PASSIVE_VENT_COOL_DRY","2026-03-18T19:00:00.000Z","2026-03-19T00:00:00.000Z","5"
"PASSIVE_VENT_COOL_DRY","2026-03-19T03:00:00.000Z","2026-03-19T04:00:00.000Z","1"
"PASSIVE_VENT_COOL_DRY","2026-03-19T16:00:00.000Z","2026-03-19T19:00:00.000Z","3"
"PASSIVE_VENT_COOL_DRY","2026-03-20T15:00:00.000Z","2026-03-20T18:00:00.000Z","3"
"PASSIVE_VENT_COOL_DRY","2026-03-21T11:00:00.000Z","2026-03-21T12:00:00.000Z","1"
"PASSIVE_VENT_COOL_DRY","2026-03-21T15:00:00.000Z","2026-03-21T17:00:00.000Z","2"
"PASSIVE_VENT_COOL_DRY","2026-03-22T12:00:00.000Z","2026-03-22T16:00:00.000Z","4"
"PASSIVE_VENT_COOL_DRY","2026-03-22T23:00:00.000Z","2026-03-23T00:00:00.000Z","1"
"PASSIVE_VENT_COOL_DRY","2026-03-23T02:00:00.000Z","2026-03-23T03:00:00.000Z","1"
"PASSIVE_VENT_COOL_DRY","2026-03-24T00:00:00.000Z","2026-03-24T01:00:00.000Z","1"
"PASSIVE_VENT_COOL_DRY","2026-03-24T20:00:00.000Z","2026-03-25T00:00:00.000Z","4"
"PASSIVE_VENT_COOL_DRY","2026-03-25T02:00:00.000Z","2026-03-25T03:00:00.000Z","1"
"PASSIVE_VENT_COOL_DRY","2026-03-25T16:00:00.000Z","2026-03-25T18:00:00.000Z","2"
"PASSIVE_VENT_COOL_DRY","2026-03-26T13:00:00.000Z","2026-03-26T15:00:00.000Z","2"
"PASSIVE_VENT_COOL_DRY","2026-03-27T10:00:00.000Z","2026-03-27T11:00:00.000Z","1"
"PASSIVE_VENT_COOL_DRY","2026-03-29T17:00:00.000Z","2026-03-29T20:00:00.000Z","3"
"PASSIVE_VENT_COOL_DRY","2026-03-30T13:00:00.000Z","2026-03-30T17:00:00.000Z","4"
"PASSIVE_VENT_COOL_DRY","2026-03-31T12:00:00.000Z","2026-03-31T18:00:00.000Z","6"
"PASSIVE_VENT_COOL_DRY","2026-04-01T12:00:00.000Z","2026-04-01T13:00:00.000Z","1"
"PASSIVE_VENT_COOL_DRY","2026-04-05T20:00:00.000Z","2026-04-06T00:00:00.000Z","4"
"PASSIVE_VENT_COOL_DRY","2026-04-06T19:00:00.000Z","2026-04-07T00:00:00.000Z","5"
"PASSIVE_VENT_COOL_DRY","2026-04-07T02:00:00.000Z","2026-04-07T03:00:00.000Z","1"
"PASSIVE_VENT_COOL_DRY","2026-04-07T17:00:00.000Z","2026-04-08T00:00:00.000Z","7"
"PASSIVE_VENT_COOL_DRY","2026-04-08T16:00:00.000Z","2026-04-09T00:00:00.000Z","8"
"PASSIVE_VENT_COOL_DRY","2026-04-09T07:00:00.000Z","2026-04-09T08:00:00.000Z","1"
"PASSIVE_VENT_COOL_DRY","2026-04-09T15:00:00.000Z","2026-04-09T20:00:00.000Z","5"
"PASSIVE_VENT_COOL_DRY","2026-04-09T23:00:00.000Z","2026-04-10T00:00:00.000Z","1"
"PASSIVE_VENT_COOL_DRY","2026-04-10T15:00:00.000Z","2026-04-10T17:00:00.000Z","2"
"PASSIVE_VENT_COOL_DRY","2026-04-19T18:00:00.000Z","2026-04-20T00:00:00.000Z","6"
"PASSIVE_VENT_COOL_DRY","2026-04-20T03:00:00.000Z","2026-04-20T04:00:00.000Z","1"
"PASSIVE_VENT_COOL_DRY","2026-04-20T16:00:00.000Z","2026-04-21T00:00:00.000Z","8"
"PASSIVE_VENT_COOL_DRY","2026-04-21T03:00:00.000Z","2026-04-21T04:00:00.000Z","1"
"PASSIVE_VENT_COOL_DRY","2026-04-21T16:00:00.000Z","2026-04-21T18:00:00.000Z","2"
"PASSIVE_VENT_COOL_DRY","2026-04-22T00:00:00.000Z","2026-04-22T01:00:00.000Z","1"
"PASSIVE_VENT_COOL_DRY","2026-04-22T19:00:00.000Z","2026-04-22T20:00:00.000Z","1"
"PASSIVE_VENT_COOL_DRY","2026-04-25T17:00:00.000Z","2026-04-25T18:00:00.000Z","1"
"PASSIVE_VENT_COOL_DRY","2026-04-28T06:00:00.000Z","2026-04-28T08:00:00.000Z","2"
"PASSIVE_VENT_COOL_DRY","2026-04-30T00:00:00.000Z","2026-04-30T01:00:00.000Z","1"
"PASSIVE_VENT_COOL_DRY","2026-04-30T21:00:00.000Z","2026-05-01T00:00:00.000Z","3"
"PASSIVE_VENT_COOL_DRY","2026-05-01T20:00:00.000Z","2026-05-01T23:00:00.000Z","3"
"PASSIVE_VENT_COOL_DRY","2026-05-02T01:00:00.000Z","2026-05-02T02:00:00.000Z","1"
"PASSIVE_VENT_COOL_DRY","2026-05-02T18:00:00.000Z","2026-05-03T00:00:00.000Z","6"
"PASSIVE_VENT_COOL_DRY","2026-05-03T16:00:00.000Z","2026-05-03T18:00:00.000Z","2"
"PASSIVE_VENT_COOL_DRY","2026-05-04T14:00:00.000Z","2026-05-04T17:00:00.000Z","3"
"PASSIVE_VENT_COOL_DRY","2026-05-05T14:00:00.000Z","2026-05-05T15:00:00.000Z","1"
"PASSIVE_VENT_COOL_DRY","2026-05-07T19:00:00.000Z","2026-05-08T00:00:00.000Z","5"
"PASSIVE_VENT_COOL_DRY","2026-05-08T04:00:00.000Z","2026-05-08T05:00:00.000Z","1"
"PASSIVE_VENT_COOL_DRY","2026-05-08T15:00:00.000Z","2026-05-08T20:00:00.000Z","5"
"PASSIVE_VENT_COOL_DRY","2026-05-08T23:00:00.000Z","2026-05-09T00:00:00.000Z","1"
"PASSIVE_VENT_COOL_DRY","2026-05-09T17:00:00.000Z","2026-05-09T18:00:00.000Z","1"
"PASSIVE_VENT_COOL_DRY","2026-05-10T11:00:00.000Z","2026-05-10T12:00:00.000Z","1"
"PASSIVE_VENT_COOL_DRY","2026-05-11T02:00:00.000Z","2026-05-11T03:00:00.000Z","1"
"PASSIVE_VENT_COOL_DRY","2026-05-11T17:00:00.000Z","2026-05-11T21:00:00.000Z","4"
"PASSIVE_VENT_COOL_DRY","2026-05-11T22:00:00.000Z","2026-05-12T00:00:00.000Z","2"
"PASSIVE_VENT_COOL_DRY","2026-05-12T04:00:00.000Z","2026-05-12T05:00:00.000Z","1"
"PASSIVE_VENT_COOL_DRY","2026-05-12T14:00:00.000Z","2026-05-12T19:00:00.000Z","5"
"PASSIVE_VENT_COOL_DRY","2026-05-13T14:00:00.000Z","2026-05-13T17:00:00.000Z","3"
"PASSIVE_VENT_COOL_DRY","2026-05-14T07:00:00.000Z","2026-05-14T09:00:00.000Z","2"
"PASSIVE_VENT_COOL_DRY","2026-05-14T10:00:00.000Z","2026-05-14T11:00:00.000Z","1"
"PASSIVE_VENT_COOL_DRY","2026-05-14T14:00:00.000Z","2026-05-14T18:00:00.000Z","4"
"PASSIVE_VENT_COOL_DRY","2026-06-14T21:00:00.000Z","2026-06-14T22:00:00.000Z","1"
"PASSIVE_VENT_COOL_DRY","2026-06-15T15:00:00.000Z","2026-06-15T16:00:00.000Z","1"
"PASSIVE_VENT_COOL_DRY","2026-06-18T19:00:00.000Z","2026-06-19T00:00:00.000Z","5"
"PASSIVE_VENT_COOL_DRY","2026-06-19T12:00:00.000Z","2026-06-19T15:00:00.000Z","3"
"PASSIVE_VENT_COOL_DRY","2026-08-01T12:00:00.000Z","2026-08-01T13:00:00.000Z","1"
"PASSIVE_VENT_COOL_DRY","2026-08-01T14:00:00.000Z","2026-08-01T16:00:00.000Z","2"
"PASSIVE_VENT_COOL_DRY","2026-08-29T12:00:00.000Z","2026-08-29T13:00:00.000Z","1"
"PASSIVE_VENT_COOL_HUMID","2026-01-08T12:00:00.000Z","2026-01-08T13:00:00.000Z","1"
"PASSIVE_VENT_COOL_HUMID","2026-03-05T21:00:00.000Z","2026-03-06T01:00:00.000Z","4"
"PASSIVE_VENT_COOL_HUMID","2026-03-06T18:00:00.000Z","2026-03-07T01:00:00.000Z","7"
"PASSIVE_VENT_COOL_HUMID","2026-03-09T18:00:00.000Z","2026-03-09T19:00:00.000Z","1"
"PASSIVE_VENT_COOL_HUMID","2026-03-10T12:00:00.000Z","2026-03-10T19:00:00.000Z","7"
"PASSIVE_VENT_COOL_HUMID","2026-03-10T23:00:00.000Z","2026-03-11T00:00:00.000Z","1"
"PASSIVE_VENT_COOL_HUMID","2026-04-01T14:00:00.000Z","2026-04-01T15:00:00.000Z","1"
"PASSIVE_VENT_COOL_HUMID","2026-04-01T16:00:00.000Z","2026-04-01T23:00:00.000Z","7"
"PASSIVE_VENT_COOL_HUMID","2026-04-02T16:00:00.000Z","2026-04-02T18:00:00.000Z","2"
"PASSIVE_VENT_COOL_HUMID","2026-04-03T12:00:00.000Z","2026-04-04T00:00:00.000Z","12"
"PASSIVE_VENT_COOL_HUMID","2026-04-10T17:00:00.000Z","2026-04-10T18:00:00.000Z","1"
"PASSIVE_VENT_COOL_HUMID","2026-04-11T01:00:00.000Z","2026-04-11T02:00:00.000Z","1"
"PASSIVE_VENT_COOL_HUMID","2026-04-11T15:00:00.000Z","2026-04-11T22:00:00.000Z","7"
"PASSIVE_VENT_COOL_HUMID","2026-04-12T17:00:00.000Z","2026-04-12T21:00:00.000Z","4"
"PASSIVE_VENT_COOL_HUMID","2026-04-12T23:00:00.000Z","2026-04-13T00:00:00.000Z","1"
"PASSIVE_VENT_COOL_HUMID","2026-04-13T12:00:00.000Z","2026-04-13T17:00:00.000Z","5"
"PASSIVE_VENT_COOL_HUMID","2026-04-14T12:00:00.000Z","2026-04-14T16:00:00.000Z","4"
"PASSIVE_VENT_COOL_HUMID","2026-04-14T23:00:00.000Z","2026-04-15T00:00:00.000Z","1"
"PASSIVE_VENT_COOL_HUMID","2026-04-15T06:00:00.000Z","2026-04-15T07:00:00.000Z","1"
"PASSIVE_VENT_COOL_HUMID","2026-04-15T13:00:00.000Z","2026-04-15T22:00:00.000Z","9"
"PASSIVE_VENT_COOL_HUMID","2026-04-15T23:00:00.000Z","2026-04-16T00:00:00.000Z","1"
"PASSIVE_VENT_COOL_HUMID","2026-04-16T15:00:00.000Z","2026-04-16T21:00:00.000Z","6"
"PASSIVE_VENT_COOL_HUMID","2026-04-17T12:00:00.000Z","2026-04-17T17:00:00.000Z","5"
"PASSIVE_VENT_COOL_HUMID","2026-04-17T18:00:00.000Z","2026-04-18T00:00:00.000Z","6"
"PASSIVE_VENT_COOL_HUMID","2026-04-22T23:00:00.000Z","2026-04-23T00:00:00.000Z","1"
"PASSIVE_VENT_COOL_HUMID","2026-04-23T12:00:00.000Z","2026-04-24T00:00:00.000Z","12"
"PASSIVE_VENT_COOL_HUMID","2026-04-24T16:00:00.000Z","2026-04-24T23:00:00.000Z","7"
"PASSIVE_VENT_COOL_HUMID","2026-04-25T18:00:00.000Z","2026-04-26T00:00:00.000Z","6"
"PASSIVE_VENT_COOL_HUMID","2026-04-26T15:00:00.000Z","2026-04-26T19:00:00.000Z","4"
"PASSIVE_VENT_COOL_HUMID","2026-04-27T12:00:00.000Z","2026-04-27T15:00:00.000Z","3"
"PASSIVE_VENT_COOL_HUMID","2026-05-09T03:00:00.000Z","2026-05-09T05:00:00.000Z","2"
"PASSIVE_VENT_COOL_HUMID","2026-05-09T15:00:00.000Z","2026-05-09T17:00:00.000Z","2"
"PASSIVE_VENT_COOL_HUMID","2026-05-15T12:00:00.000Z","2026-05-15T18:00:00.000Z","6"
"PASSIVE_VENT_COOL_HUMID","2026-05-15T20:00:00.000Z","2026-05-15T23:00:00.000Z","3"
"PASSIVE_VENT_COOL_HUMID","2026-05-16T12:00:00.000Z","2026-05-16T15:00:00.000Z","3"
"PASSIVE_VENT_COOL_HUMID","2026-05-17T12:00:00.000Z","2026-05-17T16:00:00.000Z","4"
"PASSIVE_VENT_COOL_HUMID","2026-05-19T12:00:00.000Z","2026-05-19T13:00:00.000Z","1"
"PASSIVE_VENT_COOL_HUMID","2026-05-22T02:00:00.000Z","2026-05-22T03:00:00.000Z","1"
"PASSIVE_VENT_COOL_HUMID","2026-05-22T07:00:00.000Z","2026-05-22T09:00:00.000Z","2"
"PASSIVE_VENT_COOL_HUMID","2026-05-22T15:00:00.000Z","2026-05-22T22:00:00.000Z","7"
"PASSIVE_VENT_COOL_HUMID","2026-05-23T18:00:00.000Z","2026-05-24T00:00:00.000Z","6"
"PASSIVE_VENT_COOL_HUMID","2026-05-24T05:00:00.000Z","2026-05-24T06:00:00.000Z","1"
"PASSIVE_VENT_COOL_HUMID","2026-05-24T07:00:00.000Z","2026-05-24T08:00:00.000Z","1"
"PASSIVE_VENT_COOL_HUMID","2026-05-24T15:00:00.000Z","2026-05-24T18:00:00.000Z","3"
"PASSIVE_VENT_COOL_HUMID","2026-05-25T14:00:00.000Z","2026-05-25T16:00:00.000Z","2"
"PASSIVE_VENT_COOL_HUMID","2026-05-26T13:00:00.000Z","2026-05-26T16:00:00.000Z","3"
"PASSIVE_VENT_COOL_HUMID","2026-05-27T13:00:00.000Z","2026-05-27T16:00:00.000Z","3"
"PASSIVE_VENT_COOL_HUMID","2026-05-28T12:00:00.000Z","2026-05-28T19:00:00.000Z","7"
"PASSIVE_VENT_COOL_HUMID","2026-05-29T12:00:00.000Z","2026-05-29T17:00:00.000Z","5"
"PASSIVE_VENT_COOL_HUMID","2026-05-30T12:00:00.000Z","2026-05-30T14:00:00.000Z","2"
"PASSIVE_VENT_COOL_HUMID","2026-05-31T12:00:00.000Z","2026-05-31T13:00:00.000Z","1"
"PASSIVE_VENT_COOL_HUMID","2026-06-01T12:00:00.000Z","2026-06-01T14:00:00.000Z","2"
"PASSIVE_VENT_COOL_HUMID","2026-06-02T12:00:00.000Z","2026-06-02T20:00:00.000Z","8"
"PASSIVE_VENT_COOL_HUMID","2026-06-03T12:00:00.000Z","2026-06-03T18:00:00.000Z","6"
"PASSIVE_VENT_COOL_HUMID","2026-06-04T12:00:00.000Z","2026-06-04T15:00:00.000Z","3"
"PASSIVE_VENT_COOL_HUMID","2026-06-05T12:00:00.000Z","2026-06-05T15:00:00.000Z","3"
"PASSIVE_VENT_COOL_HUMID","2026-06-06T12:00:00.000Z","2026-06-07T00:00:00.000Z","12"
"PASSIVE_VENT_COOL_HUMID","2026-06-07T12:00:00.000Z","2026-06-07T19:00:00.000Z","7"
"PASSIVE_VENT_COOL_HUMID","2026-06-09T12:00:00.000Z","2026-06-09T13:00:00.000Z","1"
"PASSIVE_VENT_COOL_HUMID","2026-06-12T12:00:00.000Z","2026-06-12T17:00:00.000Z","5"
"PASSIVE_VENT_COOL_HUMID","2026-06-13T12:00:00.000Z","2026-06-13T16:00:00.000Z","4"
"PASSIVE_VENT_COOL_HUMID","2026-06-14T12:00:00.000Z","2026-06-14T20:00:00.000Z","8"
"PASSIVE_VENT_COOL_HUMID","2026-06-15T13:00:00.000Z","2026-06-15T14:00:00.000Z","1"
"PASSIVE_VENT_COOL_HUMID","2026-06-16T14:00:00.000Z","2026-06-16T16:00:00.000Z","2"
"PASSIVE_VENT_COOL_HUMID","2026-06-17T12:00:00.000Z","2026-06-17T14:00:00.000Z","2"
"PASSIVE_VENT_COOL_HUMID","2026-06-18T12:00:00.000Z","2026-06-18T13:00:00.000Z","1"
"PASSIVE_VENT_COOL_HUMID","2026-06-18T16:00:00.000Z","2026-06-18T17:00:00.000Z","1"
"PASSIVE_VENT_COOL_HUMID","2026-06-19T16:00:00.000Z","2026-06-19T19:00:00.000Z","3"
"PASSIVE_VENT_COOL_HUMID","2026-06-20T12:00:00.000Z","2026-06-20T15:00:00.000Z","3"
"PASSIVE_VENT_COOL_HUMID","2026-06-21T12:00:00.000Z","2026-06-21T17:00:00.000Z","5"
"PASSIVE_VENT_COOL_HUMID","2026-06-22T12:00:00.000Z","2026-06-23T00:00:00.000Z","12"
"PASSIVE_VENT_COOL_HUMID","2026-06-23T13:00:00.000Z","2026-06-24T00:00:00.000Z","11"
"PASSIVE_VENT_COOL_HUMID","2026-06-24T12:00:00.000Z","2026-06-24T21:00:00.000Z","9"
"PASSIVE_VENT_COOL_HUMID","2026-06-25T12:00:00.000Z","2026-06-25T18:00:00.000Z","6"
"PASSIVE_VENT_COOL_HUMID","2026-06-25T22:00:00.000Z","2026-06-26T00:00:00.000Z","2"
"PASSIVE_VENT_COOL_HUMID","2026-06-26T12:00:00.000Z","2026-06-26T14:00:00.000Z","2"
"PASSIVE_VENT_COOL_HUMID","2026-06-27T12:00:00.000Z","2026-06-27T15:00:00.000Z","3"
"PASSIVE_VENT_COOL_HUMID","2026-07-01T12:00:00.000Z","2026-07-01T13:00:00.000Z","1"
"PASSIVE_VENT_COOL_HUMID","2026-07-05T12:00:00.000Z","2026-07-05T16:00:00.000Z","4"
"PASSIVE_VENT_COOL_HUMID","2026-07-06T12:00:00.000Z","2026-07-06T13:00:00.000Z","1"
"PASSIVE_VENT_COOL_HUMID","2026-07-07T12:00:00.000Z","2026-07-07T14:00:00.000Z","2"
"PASSIVE_VENT_COOL_HUMID","2026-07-08T12:00:00.000Z","2026-07-08T14:00:00.000Z","2"
"PASSIVE_VENT_COOL_HUMID","2026-07-12T12:00:00.000Z","2026-07-12T15:00:00.000Z","3"
"PASSIVE_VENT_COOL_HUMID","2026-07-13T12:00:00.000Z","2026-07-13T14:00:00.000Z","2"
"PASSIVE_VENT_COOL_HUMID","2026-07-14T12:00:00.000Z","2026-07-14T14:00:00.000Z","2"
"PASSIVE_VENT_COOL_HUMID","2026-07-15T12:00:00.000Z","2026-07-15T15:00:00.000Z","3"
"PASSIVE_VENT_COOL_HUMID","2026-07-16T12:00:00.000Z","2026-07-16T15:00:00.000Z","3"
"PASSIVE_VENT_COOL_HUMID","2026-07-17T12:00:00.000Z","2026-07-17T14:00:00.000Z","2"
"PASSIVE_VENT_COOL_HUMID","2026-07-18T21:00:00.000Z","2026-07-18T22:00:00.000Z","1"
"PASSIVE_VENT_COOL_HUMID","2026-07-19T12:00:00.000Z","2026-07-19T13:00:00.000Z","1"
"PASSIVE_VENT_COOL_HUMID","2026-07-22T12:00:00.000Z","2026-07-22T14:00:00.000Z","2"
"PASSIVE_VENT_COOL_HUMID","2026-07-23T12:00:00.000Z","2026-07-23T15:00:00.000Z","3"
"PASSIVE_VENT_COOL_HUMID","2026-07-24T12:00:00.000Z","2026-07-24T14:00:00.000Z","2"
"PASSIVE_VENT_COOL_HUMID","2026-08-02T12:00:00.000Z","2026-08-02T15:00:00.000Z","3"
"PASSIVE_VENT_COOL_HUMID","2026-08-03T12:00:00.000Z","2026-08-03T14:00:00.000Z","2"
"PASSIVE_VENT_COOL_HUMID","2026-08-04T12:00:00.000Z","2026-08-04T14:00:00.000Z","2"
"PASSIVE_VENT_COOL_HUMID","2026-08-07T12:00:00.000Z","2026-08-07T14:00:00.000Z","2"
"PASSIVE_VENT_COOL_HUMID","2026-08-08T12:00:00.000Z","2026-08-08T14:00:00.000Z","2"
"PASSIVE_VENT_COOL_HUMID","2026-08-09T12:00:00.000Z","2026-08-09T14:00:00.000Z","2"
"PASSIVE_VENT_COOL_HUMID","2026-08-17T12:00:00.000Z","2026-08-17T13:00:00.000Z","1"
"PASSIVE_VENT_COOL_HUMID","2026-08-17T14:00:00.000Z","2026-08-17T18:00:00.000Z","4"
"PASSIVE_VENT_COOL_HUMID","2026-08-18T12:00:00.000Z","2026-08-18T14:00:00.000Z","2"
"PASSIVE_VENT_COOL_HUMID","2026-08-20T12:00:00.000Z","2026-08-20T13:00:00.000Z","1"
"PASSIVE_VENT_COOL_HUMID","2026-08-21T12:00:00.000Z","2026-08-21T15:00:00.000Z","3"
"PASSIVE_VENT_COOL_HUMID","2026-08-22T12:00:00.000Z","2026-08-22T13:00:00.000Z","1"
"PASSIVE_VENT_COOL_HUMID","2026-08-23T12:00:00.000Z","2026-08-23T15:00:00.000Z","3"
"PASSIVE_VENT_COOL_HUMID","2026-08-24T12:00:00.000Z","2026-08-24T15:00:00.000Z","3"
"PASSIVE_VENT_COOL_HUMID","2026-08-25T12:00:00.000Z","2026-08-25T15:00:00.000Z","3"
"PASSIVE_VENT_COOL_HUMID","2026-08-26T12:00:00.000Z","2026-08-26T13:00:00.000Z","1"
"PASSIVE_VENT_COOL_HUMID","2026-08-27T12:00:00.000Z","2026-08-27T15:00:00.000Z","3"
"PASSIVE_VENT_COOL_HUMID","2026-08-28T14:00:00.000Z","2026-08-28T15:00:00.000Z","1"
"PASSIVE_VENT_COOL_HUMID","2026-08-30T12:00:00.000Z","2026-08-30T14:00:00.000Z","2"
"PASSIVE_VENT_COOL_HUMID","2026-08-31T12:00:00.000Z","2026-08-31T13:00:00.000Z","1"
"PASSIVE_VENT_COOL_HUMID","2026-09-07T12:00:00.000Z","2026-09-07T14:00:00.000Z","2"
"PASSIVE_VENT_COOL_HUMID","2026-09-10T12:00:00.000Z","2026-09-10T21:00:00.000Z","9"
"PASSIVE_VENT_COOL_HUMID","2026-09-10T22:00:00.000Z","2026-09-11T00:00:00.000Z","2"
"PASSIVE_VENT_COOL_HUMID","2026-09-11T12:00:00.000Z","2026-09-11T16:00:00.000Z","4"
